text,mood
මට සෑම දෙයක් ගැනම පාහේ කනස්සල්ලක් තියෙනවා,Bad
මම මගේ යාළුවාට නැවත කතා කරලා සමාව ගන්න උදව් කළා සතුටුයි,Happy
අද හවස ගෙදරට ඉක්මනින් ආවා.,Normal
අද practical එකක් නෑ.,Normal
විශේෂයෙන් වෙහෙසකර වැඩ කිරීමෙන් පසු මම ඊයේ රාත්රියේ රැකියාවෙන් ඉවත් වූ විට පැය ෆික් පමණ ගත කිරීමෙන් පසු නිවසට ආවා විවේකීව ඉන්න එක සතුටක් වුණා,Happy
මට බය දැනෙනවා,Bad
අත්හැරීමට පෙර ඔබට කොපමණ වේදනාවක් විඳින්න සිදු වෙනවද,Bad
අද ගෙදර වැඩ ටික කරා.,Normal
මට පරණ යාළුවෙක්ගෙන් ඊමේල් එකක් ආවා,Happy
අද මට ව්යායාමයක් කරන අතරතුර වේගයෙන් දුවලා ඉලක්කය සම්පූර්ණ කරන්න හැකි වුණා,Happy
අද කුඩා walk එකක් කරා.,Normal
ඊයේ දිවා ආහාර වෙලාවෙනවා මම ටිකක් පිටතට ගිහින් විවේක ගත්තා ඒකෙන් මට සතුටු හිතුණා,Happy
හිස් ලෝන්ලි දුක්ඛිත මානසික අවපීඩනය කිසි ප්රයෝජනයක් නැහැ වැදගැම්මකට නැහැ නොවැදගත් දෑ අමතක කර ලෝකයේ නරකම හැඟීම ආදරය නොකළ නමුත් ඒවා මට එදිනෙදා දැනෙන ආකාරයයි,Bad
අද ඉගෙනීම සාමාන්‍ය ලෙස සිදු වුණා.,Normal
මම වෙනත් ප්රාන්තයකට ගිහින් වසර දෙකකට පසු මගේ සහෝදරයා හමු වුණා ඒක මට සතුටුයි,Happy
ඔබේ මව සමඟ ඔබේ සම්බන්ධය කෙතරම් විකාර සහගත ද කියලා ඔබට තේරෙන තුරු ඒක සිදු වෙනවා,Bad
ඒක බොහෝ දේ සිදු වන අතර මම ඒක භාවිතා කරනවා,Bad
අන්තිමට මගේ බල්ලා රවට්ටලා මට නාන්න දෙන්න කියලා මිහිරි සුවඳැති බලු පැටියා හොඳම ය,Happy
අද class එකේ කාලය සාමාන්‍යයි.,Normal
තවදුරටත් කිසිම දෙයකට පෙළඹවීමක් නැහැ,Bad
උදේ ඇහැරුණා වැඩ ටික කරා ඉවරයි.,Normal
කිසිම දෙයකට මනෝභාවයක් නැහැ,Bad
අද පාඩම් ටිකක් revise කළා.,Normal
මම ලෝකයේ ජීවත් වන්නේ කෙසේද කියලා දන්නේ නැහැ,Bad
මගේ දවසේ ත්රෙඩ් එකකින් මට අද හොඳ ලාභයක් ලැබෙන විට මම සතුටු වුණා,Happy
අද උදේ ගෙදර එන ගමන් මට ලස්සන දෙයක් දකින්න ලැබුණා. ඒකෙන් මගේ හිත සතුටු වුණා,Happy
මම ලොතරැයියෙන් ඩොලර් දිනුවා ඒක විශ්වාස කරන්නත් බැරි වුණා,Happy
අද දවසේ ලොකු වෙනසක් නෑ.,Normal
මම මෑතකදී කරන ලද ව්යාපෘතියකදී මම කළ කාර්යය සහකරුවෙක් මගේ අධීක්ෂකවරයාට ප්රශංසා කළා,Happy
අද දවස සරලව ගෙවුණා.,Normal
උත්සාහ කරන්න හෝ කතා කරන්න හෝ හුස්ම ගන්න හේතුව මම නොදකිමි,Bad
අද කාර්යාල කටයුතු නිතර පරිදි සිදු වුණා.,Normal
නමුත් කිසිවෙකු තේරුම් නොගන්නා බව ඔබට පෙනේ,Bad
මම පන්සල් ගියා,Happy
අද මම හුරු පුරුදු ලෙස හිටියා.,Normal
මම මගේ පෙම්වතිය සමඟ ගැලැක්සි ෆෝ හි භාරකරුවන් බැලුවා,Happy
පවුලේ අය එක්ක සුළු කතාබහක් වුණා.,Normal
මම මගේ මිතුරා ජැක් හමුවීමට ගිහින් අපි ඉංග්රීසි ඉගෙන ගත්තෙමු,Happy
සමහර වෙලාවට මට මතකයි මම ඉන්නවා කියලා සහ මම අනේ නෑ වගේ,Bad
tuition ඉවර වෙලා ගෙදර ආවා.,Normal
ලබන වසර සඳහා කැම්පස් හි මගේ නිවස තේරීමට මා පිළිගත් බව දැනගත් විට මම සතුටු වුණා,Happy
ඔබ යමෙකු හැර ගියහොත් අඩුම තරමින් ඒ මන්ද කියලා ඔවුන්ට පවසන්න මක්නිසාද යත් අත්හැරීමට වඩා වෙනවාදනාකාරී වන්නේ ඔබ පැහැදිලි කිරීමක් වටින්නේ නැහැ බව දැන ගැනීමයි,Bad
කිරි ආහාර අද කඩදාසි වලින් නිකුත් කරන්න,Bad
අද වැඩ කාලය ඉක්මනින් ගියා.,Normal
කමක් නැහැ,Normal
අද විශේෂ සිද්ධියක් මතක නැහැ.,Normal
අදත් ආවා ගියා වගේමයි.,Normal
අද වැඩ ටික පුරුදු විදියට කරා.,Normal
පෙබරවාරියේ අපි මගේ සහෝදරියගේ උපන්දිනය අවන්හලකදී සැමරුවා ඒක සතුටු දවසක්,Happy
මම ව්යායාම් ශාලාවෙනවා හිටියා අතර විවිධ සෝපාන කිහිපයක් සඳහා නව වාර්තාවක් තැබුවෙනවා,Happy
පාලි නෑ මම කම්මැලියි මම මෙතන ඉඳගෙන කර්මයෙන් ඔබව අවුල් කරන්න ඉඩ දෙන්න,Bad
අපි මල් කපලා මරන්නේ ඒවා ලස්සනයි කියලා හිතන නිසා අපි මැරයෝ නෙවෙයි කියලා හිතන නිසා අපි කපාගෙන මැරෙනවා,Bad
ඕනම් මහා සැණකෙළියේදී හොඳම කේරළ නැටුම් දෙක ගත හැකිය ් කේරළ ප්රාන්තයේ ජන සංස්කෘතිය කෙතරම් පොහොසත්ද යන්න සටහන් කිරීම හුදෙක් සිත් ඇදගන්නා සුළුය බොහෝ අද්විතීය හා හොඳින් සංදර්ශනයක් ්ය,Happy
මව නිවැරදි කර ගන්න සහ මා විනාශ කරන්න අවශ්ය වීම අතර මම නිරන්තරයෙන් කඳුළු වලනවා,Bad
අද වචන ටිකක් මතක තියාගත්තා.,Normal
අද උදේ ටිකක් සැහැල්ලුයි.,Normal
නැහැ මට ඇඳෙන් නැගිටින්න බැහැ,Bad
මගේ වෛද්ය පරීක්ෂණ ප්රතිඵල අනුව සෞඛ්ය තත්ත්වය හොඳයි කියලා දැනගත්තා මට සතුටු හිතුණා,Happy
සති අන්තයේ පවුලේ අය එක්ක රාත්රී ආහාරය කාලා ගොඩක් සතුටු වුණා,Happy
අද අලුත් chapter එකක් ආරම්භ කළා.,Normal
මම මගේ පවුලේ අය සමඟ රොක් සංගීත කණ්ඩායම වාදනය කළා,Happy
පැයක වැඩකට ඩොලර් සැණ්රක් උපයන්න මට පුළුවන් වෙලා තියෙනවා,Happy
අද ලියලා තිබුණු notes ටික සකස් කළා.,Normal
පාන්දර ්ට සියදිවි නසා ගැනීම ගැන හිතන්න,Bad
මට එවැනි ජරාවක් දැනෙනවා,Bad
අමුත්තන්ගේ නිදන කාමරය තීන්ත ආලේප කිරීම අඩක් නිම කරලා තියෙනවා,Happy
හැමෝම මට එපා වෙලා,Bad
පසුතැවිලි වෙන්න ඕන දේ සොයා ගන්න උත්සාහ කරන්න,Bad
exam එකට සූදානම් වෙන්න සැලසුම් කළා.,Normal
උපන්දිනයට සුබ පැතුම්,Happy
ඕනම් මහා සැණකෙළියේදී හොඳම කේරළ නැටුම් දෙක ගත හැකිය ් කේරළ ප්රාන්තයේ ජන සංස්කෘතිය කෙතරම් පොහොසත්ද යන්න සටහන් කිරීම හුදෙක් සිත් ඇදගන්නා සුළුය බොහෝ අද්විතීය හා හොඳින් සංදර්ශනයක් ්ය,Happy
මම පවතින්නේ ඇයි,Bad
මගේ මිතුරා සෑම විටම එම දිනයේ දිගු ගමනක් අපට ප්රිය කළ හැකි තවත් බොහෝ ස්ථාන කරා ගමන් කරයි ඒ මොහොත ඇත්තටම මගේ ජීවිත ඉතිහාසයේ අමතක නොවන අත්දැකීමක් අපි ඒ මොහොත සතුටින් විඳිනවා අතර ආදරෙයි,Happy
අද පන්තියේ අවධානය සාමාන්යයි.,Normal
මගේ හිත රිදෙනවා,Bad
මම ඉතා රසවත් දිවා ආහාරය ගත්තා,Happy
මම හොඳින් ඉන්නවා කියලා මට පසුතැවෙන්න එපා අහන්න,Bad
මම ඔබට ප්රමාණවත් නොවෙනවාද කියලා මම කල්පනා කරනවා,Bad
මට හැම වෙලේම මහන්සියක් දැනෙනවා,Bad
අද අපේ ව්යාපෘතිය සඳහා සූදානම් වීම අවසන් කරලා සතුටුයි,Happy
සමහර වෙලාවට මට මැරෙන්න ඕන,Bad
සතුටුත් නෑ දුකත් නෑ.,Normal
බස් එකට නගින්න ටිකක් queue එක තිබුණා.,Normal
අද කාලය සාමාන්ය ලෙස ඉවර වුණා.,Normal
අද පොඩි හිනාවක් තියෙනවා වුණා.,Normal
මගේ අම්මා මගෙන් මොකක්ද අවුල ඇහුවම මම කියන්නේ මම මහන්සියි කියලා මොකද මට ජීවිතය දෙන ගැහැනියට මට තවත් එක එපා කියලා කියන්න තරම් හිතක් මට නැහැ නිසා,Bad
මගේම සිතුවිලි වල ගිලෙන්න,Bad
මගේ සහකාරියට දැන් ආරංචියක් ලැබුණා ඇයට ඇගේ නිවසට පිළිගත් දීමනාවක් තියෙන බව,Happy
මම දැන් ඕනෑවට වඩා සැලකිල්ලක් දක්වන්නේ නැහැ,Bad
මගේ ඇඳුම් ටිකක් ලිහිල් වන බැවින් මගේ ආහාර වෙනවාල ක්රියාත්මක වන බව පෙනේ,Happy
අද උදේ වැදගත් වැඩකට බැංකුවට ගියා වැඩ හොඳින් කරගත්තා,Happy
මම අලුත්ම ලස්සන ඇඳුමක් මිලදී ගත්තා,Happy
මට ඒක කිසිදා සාක්ෂාත් කරගත නොහැකි බව පරිපූර්ණ වීම දැනෙන්නේ කෙසේද කියලා මම කල්පනා කරනවා,Bad
මම ක්රීම් චීස් සමඟ බේගල් එකක් වීමට කැමතියි,Normal
ඊයේ වගේම අදත් සාමාන්යයි.,Normal
පාසල් uniform එක අරගෙන හදාගත්තා.,Normal
මෑතකදී සැතපුම් 2500 කට වඩා එහාට ගිය මගේ සහෝදරියට කතා කරන්න ලැබීම ඇය තිත්ත මිහිරි වුණා ඇය ඉතා සතුටු වන අතර ඇය ඇය ගැන මා සතුටු වුණා,Happy
මම හැම දෙයක්ම වැරදි කරනවා වගේ දැනෙනවා සහ මගේ සතුට අනෙකා මත රඳා තියෙනවා,Bad
ඊයේ රාත්රියේ මම ආපසු නිවසට යන අතරමගදී මට විද්යාලයේ තවත් පැරණි මිතුරෙකු හමු වූ අතර ප්රසන්න කතා බහක නිරත වුණා,Happy
ගයිස් බර්ගර් සහ ෆ්රයිස් පහක් සමඟ තරඟ කළ දේශීය බර්ගර් සන්ධියකින් විශාල ද්විත්ව චීස් බර්ගර් එකක් ගන්න එක,Happy
මෙය මානසික අවපීඩනයද මානසික ප්රගතියද යන්න කිව නොහැක,Bad
මට තවදුරටත් මගේ ප්රශ්නවලින් මිනිසුන්ට කරදර කරන්න ඕන නැහැ අතර ඒ නිසා මම හොඳින් ඉන්න ලෙස ක්රියා කර ඒ සියල්ල මා තුළම තබා ගන්නෙමි,Bad
කෝප්ප හෝදන්න උදව් කළා.,Normal
මම පියවර පන්තියක් ඉගැන්වූ අතර තවත් උපදේශකයෙකු ඒක මට ප්රශංසා කළේය,Happy
මගේ වැඩකටයුතු ලැයිස්තුවෙන් සිල්ලර බඩු ගන්න යන්න මට හැකි වුණා,Happy
අද ගුරුවරුන් සාමාන්ය පාඩම් ඉගැන්වුවා.,Normal
මගේ මිතුරා වේගාස් හි ඉන්න විට විශාල මුදලක් දිනා ගත් බව මම දැන හිටියෙමි,Happy
මගේ ස්වාමිපුරුෂයා මගේ මෝටර් රථයේ වායුසමීකරණය සවි කර තියෙනවා අතර ඒක මා දැන් ඉන්න ස්ථානය ඉතා උණුසුම් බැවින් ඒක ඉතා විශිෂ්ටයි,Happy
මම මගේ පවුලේ අය සමඟ වෙරළට ගිහින් ඇය මට සතුටක් ගෙන දුන්නා,Happy
අද දවසේදී විශේෂ කරදරයක් නෑ.,Normal
ඇය අඬනවා නම් කිසිවක් නොකියා ඇයව බදාගන්න,Bad
අද සාමාන්ය දවසක් වගේම අවසන් වුණා.,Normal
අද teacher එක කියපු දේ සරලයි.,Normal
අද කාලය ටිකක් පුරුදු වගේම ගියා.,Normal
මගේ ප්රතිබිම්බය මට පිළිකුලකි,Bad
අද බලාගෙන හිටපු දේවල් ටික කරගත්තා.,Normal
නිවසින් පිටව යන ආකාරය මට උගන්වන්න,Bad
හඔන්ඩ් දවසක ගත කරනන් නමඋත් මාස්ට්රා රථයක හැප්පුනාට කමක නෑහේ,Bad
මම යාළුවෙකුගේ උපන්දිනයට කේක් එකක් හදාගෙන ගියා මට සතුටු හිතුණා,Happy
අද උදේ ඇහැරුණේ නිතර වෙලාවට.,Normal
අද ලොකු වෙනසක් දැනුනේ නෑ.,Normal
මම ඉතුරු කෑම වලින් රසවත් රාත්රී ආහාරයක් පිසුවෙනවා,Happy
අද රෑ මා වෙනුවෙන් එහි ඉන්න ලෙස කෑගසන්න,Bad
මගේ බිරිඳ සමඟ රාත්රී භෝජන සංග්රහයේදී,Happy
අද වැඩ ටික කල් දැමුවෙනවා නෑ.,Normal
අපි අපේ සති අන්තය මගේ පවුලේ අය සමඟ සතුටින් ගත කළා,Happy
මම අද රාත්රී ආහාරය සඳහා ඉල ඇට පිසීමෙන් සතුටක් ලැබුවා,Happy
අද පොදු සේවා නිතර වගේමයි.,Normal
දැන් මට ඇය ගැන ලොකු බැඳීමක් තියෙනවා ඇයගේ පළමු වචනය මගේ නම වුණා නමුත් ඒ වෙලාවෙනවා ඔහු හරියටම දන්නේ නැහැ ඔහු කතා කරන්නේ කාටද කියලා ඉතින් මේක තමයි මම ගොඩක්ම කැමති සිද්ධියා් ඇය මට බොහෝ සතුටක් ලබා දෙන අතර ඒ නිසා මම මෙම මතකය ඉතා අගය කරනවා,Happy
මම අද ස්වේච්ඡා සේවයට ගිහින් උදව් කළා ඒකෙන් මට සතුටු හිතුණා,Happy
ග්රීට් බුක් ක්ලබ් එම්ප් වෙනත් සේ්රෘ දෙනෙකුගෙන් යුත් කියවන මිනිසුන් කණ්ඩායමක් මරණයෙන් පසු ජීවිතය සහ වෙනත් ඕනෑම දෙයක් ගැන කිරි ආහාර අදහස් සාකච්ඡා කරන්න මම ඔබේ පොත් සමාජයට විශාලනය කරනවා,Bad
උදේ ජිම් එකට ගියාම මට හොඳටම දැනෙනවා,Happy
මම සති අන්තයේ මගේ සහකරු සමඟ සතුටින් කාලය ගත කළා,Happy
සාප්පු යාම මට සතුටක් ගෙන දුන්නා,Happy
මම අයියා එක්ක දවල්ට කෑමට ගියා අපි ඇයගේ වැඩ අනුව නගර මධ්යයේ අවන්හලක ඉතාලි සැන්ඩ්විච් ගත්තා,Happy
අද පුරුදු දවසක් වගේමයි.,Normal
මම හී සම්මුඛ සාකච්ඡාවක් ලබා දුන්නා ඒක වෙන කවරදාටත් වඩා මට සතුටක් දැනුණා,Happy
ආදරය කරන්න අපහසු අයට ඒක වඩාත් ඕන,Bad
මගේ පෙම්වතිය සමඟ ඇවිදීම මට සතුටක් ගෙන දෙයි,Happy
මට අද උදේ එළිමහනේ ඉඳගෙන හුළඟේ සහ කුරුල්ලන්ගේ ගායනයේ රස විඳින්න ලැබුණා,Happy
අද වැඩ කරලා හවස නිදාගන්න ගියා.,Normal
වයස 26 මට අවුරුදු යි,Bad
මම මුලින් වැඩියි කියලා හිතපු දවසට මගේ ඉපැයීම් ඉලක්කයට යන්න මට පුළුවන් වුණා,Happy
අනාගතය කරදරකාරී වනු තියෙනවා,Bad
මම හොඳින් නෙවෙයි,Bad
බොඳ වීම සීතල නැහැ වෙනවා,Bad
මමත් මගේ බිරිඳත් සතුට බෙදාගත් විට අපි දෙන්නා ගොඩක් සතුටින් හිටියා,Happy
කිසිවෙකු තවදුරටත් ගණන් ගන්නේ නැහැ,Bad
උගුලක් සහ හුස්ම හිරවීම වැනි හැඟීමක්,Bad
මගේ ජීවිතය නැහැ කරන්න,Bad
අපි අනිමේ එකක් බලලා විනෝද වුණා සතුටුයි,Happy
මම ක්රීඩා කරමින් හිටියා බහු ක්රීඩක වීඩියෝ ක්රීඩාවෙන් මම ජයග්රහණය කළා,Happy
මම එම ස්ථානයෙන් බැස ගිහින් මා ආවෙන මිතුරෙකු පිළිගනු ලැබීය,Happy
අද lesson එක ලියාගත්තා.,Normal
ඒක සෞඛ්ය සම්පන්න හැඟීමක් හෝ සෞඛ්ය සම්පන්න නොවන හැඟීමක් නම් මට ඒක අවශ්ය නැහැ,Bad
ගමනේදී කවුළුවෙන් බලලා හිටියා.,Normal
ළමයින් සමඟ සෙල්ලම් කරලා මට සතුටු හිතුණා,Happy
මාස ගාණක් කැඩිලා තිබ්බ ජනේලයක් හදලා දුන්නා,Happy
මම පොත් සමාජයකට ගියා සතුටුයි,Happy
ඔහු මට පහර දුන්නා,Bad
මට බය දැනෙනවා,Bad
අපි කතා කර කර ඉන්නකොට මම අම්මට හිනා ගියා,Happy
ඒක මගේ පාලනයෙන් ඔබ්බට වෙන්න ඕනය,Bad
අද කාලය විශේෂයක් නැහැව ගියා.,Normal
මට ඇත්තටම අවශ්ය වන්නේ මිනිසුන්ගේ ප්රශ්න සහ මගේ මනස තුළ නිරන්තරයෙන් දුවන සියලුම ගොන් කතා නැහැ දවසක් පමණි,Bad
මම මගේ ඉවත දැමිය හැකි ආදායමෙන් සැලකිය යුතු මුදලක් ඔට්ටු ඇල්ලූ ක්රීඩා ඔට්ටුවක් දිනුවෙනවා,Happy
මම ඊයේ මගේ පැරණි පාසලට ගියා,Happy
ඔවුන් සැලකිල්ලක් දක්වන නමුත් ඔවුන් සලකන්නේ නැහැ,Bad
පරිපූර්ණ වුණා නොහැක කිසිදා පරිපූර්ණ නොවනු තියෙනවා,Bad
මම නිල වශයෙන් උත්සාහ කරනවා ඔබට මාව ඔබේ ජීවිතයට අවශ්ය නම් ඔබට මාව සොයා එන්න පුළුවන් එතෙක් ම නොපවතින ආකාරයට මට සලකන්න,Bad
අද කුඩා කටයුතු කරමින් හිටියා.,Normal
මම මගේ සඳහා නව සහ ඉතා බලවත් නව ව්යාපෘතියක් ආරම්භ කරන්න තීරණය කළා අවසානයේ මට සහනයක් ලැබෙනවාවි කියලා විශ්වාසයි,Happy
අද උදේ දවසේ සැලැස්ම හදාගත්තා.,Normal
මට අහිමි වීම ගැන සතුටු වන එකම අවස්ථාව මැරෙන්න,Bad
මට දැන් දැනෙන විදියට මමත් මැරිලා තියෙනවා,Bad
මම මගේ පහළම මාලයේ මගේ ඉලෙක්ට්රොනික ඩාර්ට් පුවරුව සඳහා නව ඩාර්ට්ස් ලබා ගත්තා,Happy
මගේ පුතාට ඇයගේ අතුරු වාර්තාවෙනවා සියලුම සාමාර්ථ ලැබුණා,Happy
ආත්මයන් හිස් මනස නැහැ කර ගන්න,Bad
අද පොඩි කාර්යයක් ඉවර කළා.,Normal
මේ සතියේ මම නව අවන්හලක අලුත් ආහාරයක් උත්සාහ කළා ඒක රසවත් වුණා,Happy
මගේ මෝටර් රථයේ වීදුරු විවෘත කර ධාවනය කරන්න තරම් ඒක උණුසුම් වුණා,Happy
මගේ හිසෙහි නැවත ධාවනය යන වචනය මගේ හදවත සිදුරු කරයි,Bad
මම මගේ පිඟන් සියල්ලම පිරිසිදු කළා සතුටුයි,Happy
වැඩ ඉවර කරලා සවස ගෙදර ආවා.,Normal
අද අම්මටට උදව් කළා.,Normal
මම ගිය මාසයේ මගේ වත්ත ප්රතිසංස්කරණය කළා මගේ අදහස මගේ මිතුරන් අගය කළා,Happy
අද බැංකු සේවාවන් සාමාන්ය ලෙස පැවතුණා.,Normal
අද මම සතුටින් හිටියා,Happy
මම වැඩ ඉවර වෙලා එකට ගිහින් බඩගින්නේ හිටියා ඩබල් ඩබල් එක හරිම රසයි,Happy
සාමාන්ය රටාවට අනුව දවස ගත වුණා.,Normal
ඉටිපන්දම පත්තු කරන්න කියන මගේ පුතාගේ පළමු චිත්රපටයේ ආලෝකකරණ උත්සවයට සහභාගි වෙන්න කියලා මට මගේ සහකරුවා එක්ක ආරාධනා ලැබුණා ඒ වගේම මගේ ලොකු පුතා ඇයගේ බිරිඳත් එක්ක අපේ එකම මිනිබිරියත් උත්සවයට සහභාගි වෙන්න යනවා කියන එක ගැන මම ගොඩක් සතුටු වෙනවා,Happy
සාමකාමී මරණයක් හැර මට කිසිවක් නිර්දේශ නොකරන්න,Bad
මට දුරස් වෙලා ඉන්න කැමතියි කවුරුත් මාව හරිට තේරුම් ගන්නේ නැහැ කියලා මට හිතෙනවා,Bad
අද බස් සේවාවන් සාමාන්ය ලෙස ක්රියාත්මක වුණා.,Normal
සෑම විට,Bad
අද දවස ගැන විශේෂ දෙයක් නෑ.,Normal
කාලෙකින් නොදැකපු යාළුවො ටිකක් දැක්ක ආයෙත් සම්බන්ධ වෙන එක හොඳයි,Happy
අද පාසල් වල පන්ති සාමාන්ය ලෙස පැවැත්විණි.,Normal
අද කාර්යාලයට ආපු වෙලාව නිතර වගේමයි.,Normal
මම කරන දේ ගැන මම දැනුවත් නමුත් නතර කරන්න ප්රමාණවත් නොවෙනවා,Bad
මම ඩොලර් හයක් උපයන වෙබ් අඩවුණාෙන් මගේ ඉලක්කය සම්පූර්ණ කළා,Happy
මම හොඳින් නෙවෙයි,Bad
අද මට හොඳ දවසක් වුණා,Happy
අද listening ටිකක් කරලා හිටියා.,Normal
ගෙදරට ආපු වෙලාව සාමාන්යයි.,Normal
අද මට හොඳ දවසක් වුණා,Happy
ගෙදරට ආවා.,Normal
මට වේදනාව අමතක කරවන දෙයක්,Bad
මම ඔබව නොසලකා හරිනවා නම් හොඳයි,Bad
අද තව කෙනෙක් එක්ක වැඩ බෙදාගත්තා.,Normal
අද ක්රීඩා කාලය සාමාන්යයි.,Normal
මම මගේ සෙන් වන විවාහ සංවත්සරය මගේ බිරිඳ සමඟ සැමරුවා එන්,Happy
ගරුත්වය දෙන සේවායෝජකයෙකු සමඟ වැඩ කරන එක මට සතුටක්,Happy
මගේ දුව පාසලේ දක්ෂතා දකිලා මට සතුටුයි,Happy
දිගු නින්දකට පසු ඔබ ඇස් අරින මොහොතේ ඔබේ මනසේ ඉන්න පළමු පුද්ගලයා ඔබේ සතුටට හෝ වේදනාවට හේතුවයි,Bad
අද උදේ සන්සුන් බවක් තිබුණා.,Normal
මම අවසානයේ මගේ පෙම්වතියට මා සමඟ චිත්රපට නැරඹීමට යන ලෙස ඒත්තු ගැන්වූවෙනවා අපි දෙන්නා ගොඩක් විනෝදයෙන් ගත කළ අතර ඒක හොඳ රාත්රියක් වුණා,Happy
අද ක්රීඩා පුහුණුවෙනවා අලුත් අභියෝගයක් ජයගත්තා සතුටුයි,Happy
අද විශේෂ හැඟීමක් නැහැ දවසක්.,Normal
අද දවල් කෑමේදී මම ඔවුන්ට කියවූ කතාවට මගේ දරුවන් සම්පූර්ණයෙන්ම ඇදී යන ආකාරය මම දුටුවෙනවා,Happy
සමහර දිනවල මට සියල්ල එකවර දැනෙනවා,Bad
ප්රතිකාරය හරි යයි අද ඒක විනාඩි විස්ස් ප්රමාදයි පිස්,Bad
ඒක නරක අතට හැරෙනු තියෙනවා කියලා ඔබ දන්නේ අල්ප වශයෙනි,Bad
අද මිතුරෙකුට පොතක් දුන්නා.,Normal
මගේ පළමු දරුවා ඇයගේ පාසලේ පැවැත්වූ මෙම වසරේ පළමු පරීක්ෂණයෙන් සම්පූර්ණ ලකුණු සියුර්ණ ලබා ගත්තා,Happy
මම උත්සාහ කරන්න කැමති නව වට්ටෝරුවක් පිසුවෙනවා,Happy
මම ජීවිතය ගැන මානසික අවපීඩනයෙන් පෙළෙන නිසා ඉක්මනින් රැකියාවෙන් ඉවත් වන්න,Bad
අද interval එක ඉක්මනින් ඉවර වුණා.,Normal
පසුගිය මාස දෙකකට පෙර මම මගේ ගෙවත්තේ සමනලුන් පොකුරක් අධික වර්ෂාවකින් බේරා ගන්නවා ඔවුන් මත නවාතැන් පහසුකම් සැපයීම නිසා මට ඉතා සතුටක් දැනුනා,Happy
රාත්රී ආහාරය සඳහා චයිනීස් කෑම තියෙන එක මට මහත් සතුටක් ගෙන දුන්නේ අපට ඒක නිතර නොලැබෙන බැවිනි,Happy
මම හොඳින් නෙවෙයි,Bad
අද හවස සුළඟ ටිකක් තිබුණා.,Normal
මගේ හොඳ මිතුරෙකුගෙන් මට උපන්දින තෑග්ගක් තැපෑලෙන් ලැබුණි,Happy
මම හොඳින් නෙවෙයි,Bad
අද නගරයේ ශබ්ද මට්ටම සාමාන්යයි.,Normal
යූටියුබ් එකේ වීඩියෝ දෙක තුනක් බැලුවා.,Normal
අද ඉතිහාස පාඩම සාමාන්යයි.,Normal
අද වැඩ ටික සරලව කරගත්තා.,Normal
සමහර අය අනෙක් අයට වඩා බිඳෙනසුළු වන අතර ඔවුන් පහසුවෙන් සුව නොවන නිසා හෝ සමහර විට ඔවුන් කිසිසේත් සුව නොවන නිසා ඔබේ වචනය ගැන ඉතා සැලකිලිමත් වන්න,Bad
මට තනිකම දැනෙනවා,Bad
දේවල් කවදා හරි හොඳ වෙන්න,Bad
අද පන්තියේ ඉඳගත්තේ වෙනදා වගේමයි.,Normal
අද කුඩා වැඩ දෙක තුනක් ඉවර කළා.,Normal
අද වැඩට ගියා ආවා ඉවරයි.,Normal
අවශ්යතාවය සහ අවශ්යතාව අතර වෙනසක් තියෙනවා,Bad
අද ටිකක් විවේක ගන්න වෙලාව ලැබුණා.,Normal
ශක්තිමත් මිනිසුන් තමන් වෙනුවෙන් පෙනී ඉන්න නමුත් ශක්තිමත් මිනිසුන් අන් අය වෙනුවෙන් පෙනී ඉන්නු තියෙනවා,Bad
මම ඒක පෞද්ගලිකව ගන්නේ නැහැ මම කියනවා පෞද්ගලිකව ගන්නවා,Bad
සෑම දෙයක්ම සිදු වන්නේ මෝඩ හේතුවක් නිසා ය,Bad
යථාර්ථයේ දී ඔබ මායිමට ළං වූ විට හොඳින් ක්රියා කිරීම සහ සැමවිටම ශක්තිමත් වීම කෙතරම් වෙහෙසකර දෙයක් ද කියලා කිසිවෙකුට සැබවින්ම තේරෙන්නේ නැහැැයි මම හිතනවා,Bad
මම ප්රදේශයේ නව උද්යානයකට ගොස් ලස්සන ඇවිදීමකින් සතුටක් ලැබුවා,Happy
ඉහළම සැත්කම හෙට,Bad
සද්ද තිබුණත් සාමාන්යයි.,Normal
අද උදේ සීනි නැහැ තේ බිව්වා.,Normal
මගේ සහෝදරයාට ඔහු ඉල්ලුම් කළ රැකියාව සඳහා සම්මුඛ පරීක්ෂණයක් ලැබී තියෙනවා අතර ඔහු බඳවා ගන්න බොහෝ දුරට ඉඩ තිබේ,Happy
ඔබේ ජීවිතය ඉතා ජරා වී තියෙනවා නිසා සහ ඔබ අවුල් සහගතව ඉන්න නිසා ඔබට කවදා හෝ අඬන්න හිතෙනවද,Bad
tuition එකේ notes ටික සකස් කළා.,Normal
අද හෙටට uniform එක සකස් කළා.,Normal
පාසල් වර්ෂය බලාපොරොත්තු වූවාට වඩා ඉක්මනින් අවසන් වෙයි කියලා දැනගත්තම මට සතුටු හිතුනා,Happy
මට යමෙකු අවශ්ය වූ විට සෑම විටම කිසිවෙක් නැහැ,Bad
අද වැඩ ටික නිතර වගේමයි.,Normal
පාඩම් පොතේ ගෙදර වැඩ ටික සෙට් කළා.,Normal
කෝපි කෝප්පයක් සමඟ අවදි වෙද්දී මම සතුටු වුණා,Happy
සතය්යා ඔබ්ව නෛධස කරනාඋ එාත් නමඋත් පලමඋව් එාය් ඔබ්ව අාවුල් කාරායෛ,Bad
සමාවෙන්න මම කැමතියි ළමයි බේරගන්න ජෝන් පැබ්ලෝ,Bad
සාමාන්ය විදියටම ඉඳලා හිටියා.,Normal
අද වෙනසක් නෑ.,Normal
අද උදේ වතුර බීලා දවස ආරම්භ කළා.,Normal
අද උදේ සිට වැඩ කරමින් හිටියා.,Normal
අද කුඩා errands ටික කරා.,Normal
මම හොඳ වෙන්න කැමතියි,Bad
අද අලුත් දෙයක් නෑ.,Normal
අද ගෙදර පොඩි සෙල්ලම් කාලයක් තිබුණා.,Normal
මගේ දුව මට දවල්ට කෑම හදන්න උදව් කළා,Happy
හයි ඔබට මගේ නව පොත කලින් ඇනවුම් කළ හැකිද ස්තූතියි,Normal
මට තවදුරටත් මෙය කරන්න අවශ්ය නැහැ,Bad
මල් එකේදී කාලෙකින් දැකලා නැහැ පරණ යාළුවෙක් ගාවට දුවනවා,Happy
අද පාඩම් කරන අතර තේ කෝප්පයක් බිව්වා.,Normal
ප්රශ්න වලට පිළිතුරු දුන්නා.,Normal
ජීවිතය කෙටි බව මට මතක් වෙලා හොඳ සම්බන්ධතා වටිනා බව තේරුණා ඒකෙන් මට සතුටුයි,Happy
උදේ මම ඇයව ඇහැරවද්දීම මගේ පුතා මාව ලොකු බදාගත්තා,Happy
මගේ පුතාගේ පාසලේ අටවන ශ්රේණියේ සමුගැනීමේ උදෑසන ආහාරයට ගියා සතුටුයි,Happy
අද ගෙදර වැඩ ටික කළා.,Normal
ඔබේ මනසේ බොහෝ දේ තියෙනවා විට සහ ඒක පැවසීමට කිසිවෙකු නැහැ විට ඒක අවංකවම උර බොයි,Bad
අද නගරයේ ගමනාගමනය සාමාන්යයි.,Normal
මම නිවස පිරිසිදු කළා,Happy
මේ සති අන්තයේ යාළුවෝ කට්ටියක් එක්ක කාර් ෂෝ එකකට යන්න හිතාගෙන ඉන්නවා,Happy
අද අසල්වැසියෝ එක්ක කතා වුණා.,Normal
ඔබ ඒක හැසිරවෙන්න ඕන ආකාරය ඉගෙන ගන්නා තෙක් ඔබට සැමවිටම මානසික බිඳවැටීමක් තියෙනවා වනු තියෙනවා කියලා මම කනගාටු වෙනවා,Bad
අද හැමදේම සාමාන්යයි.,Normal
මම මධ්යස්ථ චිත්තවේගීය වේදනාවකින් හිටියා,Bad
interval එකේ යාලුවන් එක්ක කතා කළා.,Normal
අද අම්මා එක්ක ගෙදර වැඩ කරලා සතුටු වුණා,Happy
අද මගේ හිත බරයි,Bad
මම අම්මා හදපු රසවත් බිත්තර රෝල් කෑවා,Happy
මම වෙඩි තැබීමේ පුහුණුවට ගියා,Happy
අද පාඩම් කරන වෙලාව ටිකක් හොඳට ගියා.,Normal
අද දවස විශේෂයක් නැහැව ගියා.,Normal
මම බ්රහස්පතින්දා නැවත රෝහලට යන අතර මම ඒ ගැන කනස්සල්ලෙන් හිටියා මට මැරෙන්නට ඕන,Bad
හදවත බිඳීම මිනිසුන් වෙනස් කරයි,Bad
ඔහු මා වැළඳ ගත්තා,Happy
මම උදේ ඉඳන් ප්රශ්නයක වැඩ කරමින් හිටිය ප්රශ්නෙට විසදුම හොයාගත්තම මම ගොඩක් සතුටු වුණා මගේ හැඟීම් විස්තර කරන්න වචන නෑ,Happy
ස්පොයිලර් තවමත් ප්රමාණවත් නොවෙනවා,Bad
අද interval එකේ කෑම කෑවා.,Normal
මම ෆ්ලොරිඩාවට මගේ නිවාඩුව සැලසුම් කරද්දී මට සතුටක් දැනුණා,Happy
අද වැදගත් දෙයක් නම් වුණේ නෑ.,Normal
මොකද වෙන්නේ අපි කතාව නවත්තමු,Bad
ඊයේ රාත්රියේ මම මගේ පවුලේ අය සමඟ චිත්රපටයක් බලන්න ගියා. අපි එකට කාලය ගත කරමින් හරිම විනෝදයෙන් හිටියා,Happy
දියේ ගිලී හෝ ඒ වෙනුවට ගිලෙන්න,Bad
වෝලි කොක් හෝ ස්ප්රයිට් කොක්,Bad
මට අඛණ්ඩව පැය දහයක් නිදාගන්න ලැබුණා සතුටුයි,Happy
සමහර විට යමක් රිදවන තරමට ඒක රිදවන්නේ නැහැ,Bad
මගේ අදහස් කාටවත් වැඩක් නෑ මම හැමදාම අනභිභවනීයයි,Bad
මම යන විට මාව මගහරින්න එපා,Bad
අද ගණිත පාඩම සාමාන්යයි.,Normal
මම ආහාර සහ ව්යායාම් කරලා බර කිලෝ එකක් අඩු කරගත්තා ඒකෙන් මට ගොඩක් සතුටු හිතුණා,Happy
මම මගේ බල්ලා සමඟ පිටතට ඇවිදින විට හිරුගේ උණුසුම දැනුණා,Happy
ඇයි මම මෙහෙම වෙන්නේ,Bad
අරගල කරන්නේ මම පමණක් නොව මම කාලය ගත කරන එකම තැනැත්තා මම වෙනවා,Bad
අද දවස සාමාන්ය විදියට ඉවර වුණා.,Normal
මම ගොඩක් අවධානයට ලක් වූ දෙයක් ට්වීට් කළා,Happy
අද කාලය සාමාන්ය ලෙසම ගියා.,Normal
නරක දවසක්,Bad
මම නිදා හිටිය යුතු කියලා හිතන විට අවදි වන්න මම නිදා හිටිය යුතු කියලා හිතන විට,Bad
අද ගෙදර වැඩ ටික පුරුදු විදියටයි.,Normal
මම හොඳින් නෙවෙයි,Bad
මම තනිව හිටියා,Bad
මම පන්දු අට්ක සංචිතයෙන් ලීග් තරගාවලියේ ඉහළටම ඇවිත් තියෙනවා,Happy
සහ එකපාරටම මට දැනුණේ ඇත්තටම ලෝකේ මට තියෙන හැම දේකටම මාව නැහැ කරනවා වගේ මහන්සියක්,Bad
මම මගේ ගෙවත්තේ එළිමහනේ වාඩි වී මගේ මුහුණට බැබළෙන හරිත හා හිරු එළිය විඳගත්තා,Happy
අද කාලය පුරුදු රටාවට ගියා.,Normal
මම වේදනාවට නොසන්සුන් වෙනවා,Bad
අද හවස පොඩි කතාබහක් තිබුණා.,Normal
මම අලුත් ගෙදරකට ගියා,Happy
මම අවංකවම බිඳීමට ආසන්නයි,Bad
මගේ මෝටර් රථය අඩු පොලී අනුපාතයකට නැවත මූල්යකරණය කරන්න හැකිවීම ගැන මම සතුටු වෙනවා,Happy
මම කැමතිම ෆිල්ම් එකක් එක පාරක් බලන්න පුළුවන් උනා,Happy
අද බෑග් එක ටිකක් බර වුණා.,Normal
ඊයේ පෙරේදා හොඳ කෑමක් කෑවා ඒකෙන් මම සතුටු වුණා,Happy
මට බය දැනෙනවා,Bad
මානව අන්තර්ක්රියා නැහැ,Bad
අද මගේ හිත බරයි,Bad
මම පන්ති කාමරයට යනකොටම ළමයි දුවගෙන ඇවිත් මාව බදාගත්තා,Happy
අද writing ටිකක් කරලා හිටියා.,Normal
මම වැඩ කරන ස්ථානයේ හොඳ මිතුරෙකු සමඟ හොඳ සංවාදයක් කලා,Happy
අද රජයේ කාර්යාල විවෘතව තිබුණා.,Normal
ඔබ ලැජ්ජාවට කන් නොදුන්නේ නම්,Bad
අද ගෙදර පොඩි සලස්වීම් කළා.,Normal
අද කාර්යාලයට ගිහිං වැඩ කළා.,Normal
එහි ආරම්භක වසර තුළ සමාගම සිය නිෂ්පාදනය වැඩි දියුණු කිරීම සඳහා විදේශීය විශේෂඥයින් සේවයේ යොදවා තියෙනවා එහි නිෂ්පාදන පරාසය ඉතා කුඩා වුවද පර්යේෂණ සහ සංවර්ධන දෙපාර්තමේන්තුවක් පිහිටුවීමට එහි කළමනාකාරීත්වයට දූරදර්ශී වුණා,Happy
group එකේ වැඩ ටික සාමාන්යට ගියා.,Normal
අද හිත සාමාන්ය තත්වයේ.,Normal
අද කාලය සාමාන්ය විදියට ගෙවුණා.,Normal
මගේ හොඳම මිතුරාගේ උපන්දින සාදය,Happy
අද වැඩ කරලා නිදියන්න ගියා.,Normal
අද මගේ හිත සැහැල්ලුයි,Happy
පන්තියට ගියා.,Normal
අද හෙටට shoes පිරිසිදු කළා.,Normal
අද මගේ හිත බරයි,Bad
අද කාලය සාමාන්ය ලෙස ගත වුණා.,Normal
අද මගේ පෙනුම අපොයි,Bad
අද කුඩා වැඩ ටිකක් හරිම හොඳට කරා.,Normal
මම මගේ බිරිඳ සමඟ නිවාඩුවක් වෙන්කරවා ගැනීම ගැන කතා කලා,Happy
අවසානයේදී ඇය ඇගේ ව්යාජ සිනහව අතහැර දමා සෙමෙන් කඳුළු සලමින් ඇගේ මුහුණ සෙමෙන් පහත් කරගන්නවාන් ඇය තමාටම කෙඳිරිගාමින් මට ම වීමට අවශ්ය නැහැ,Bad
මිතුරන් සමඟ රැඳී ඉන්න එක,Happy
දැන් රැකියාවෙනවා වැඩ ටිකක් සන්සුන් නිසා මට විවේක ගන්න ලැබුණා මට සතුටු හිතුණා,Happy
අද exercise book එක පුරවලා හිටියා.,Normal
අද තේරෙන දේවල් ටික මතක තියාගත්තා.,Normal
අන්තිමට මම මාස ගාණක් වැඩ කරපු වීඩියෝ ගේම් එකක් ගැහුවා,Happy
සමාජ මාධ්ය ටිකක් බලලා නතර කළා.,Normal
අද ටිකක් පිරිසිදු කිරීම කළා.,Normal
මට හොඳ ආරංචියක් ලැබුණා,Happy
මම ගෙදර පිසූ දකුණු කෑම වෙනවාලක් රස වින්දා,Happy
අද මම තැපෑල බලද්දී මුදල් ලැබුණා කියලා දැනුම්දීමක් දැක්කා සතුටුයි,Happy
ඇස් නොකැඩුවත් හදවත අඬන වෙලාවල් තියෙනවා සහ ඒක කිසිම වරදක් නෙවෙයි,Bad
පන්දු යැවීම කොර වුවත් මගේ පවුලේ අය සමඟ පන්දු යැවීමට ගියා,Happy
හිරු එළිය සාමාන්යයි.,Normal
වෙලාවට නිදාගන්න හිතලා හිටියා.,Normal
මට තෑග්ගක් ලැබුණා සතුටුයි,Happy
අද දවස පුරා නිකන් හිටියා.,Normal
මගේ සැමියා මාව සිපගෙන ආදරෙන් පිළිගත්තා මට ගොඩක් සතුටුයි,Happy
කිසිවක් කමක් නැහැ සහ කිසිවෙකු ගණන් ගන්නේ නැහැ,Bad
මම ජීවත් වන්නේ කුමක් ද කියලා හෝ හුස්ම ගන්නේ කුමක් ද කියලා මම නොදන්නේ නැහැ,Bad
කරුණාකර මම ඔබෙන් කන්නලව් කරනවා වගේ මට කතා කරන්න කෙනෙක් ඕන,Bad
මම ඕනෑවට වඩා හිතන අතර ඒක මා විනාශ කරයි,Bad
අද පන්තියේ කෙනෙක් absent වුණා.,Normal
මොබයිල් එක බැලුවෙනවා ටික වෙලාවක් විතරයි.,Normal
මට මාව අනිත් අය එක්ක සංසන්දනය කිරීම නවත්වන්න බැහැ ඔවුන් මට වඩා ගොඩක් හොඳයි,Bad
මම ජිම් එකේ ලොකු ව්යායාමයක් කළා,Happy
තාම අමාරුයි නැගිටින්න ඇඳුමක් ගන්න,Bad
මම ඇත්තටම වාසනාවන්ත වූ අතර හර්ත්ස්ටෝන් වීඩියෝ ක්රීඩාව හි මා සතුව තිබූ හොඳම තට්ටුව විය හැකියිි,Happy
අද හොඳටම නෙවෙයි නරකටම නෙවෙයි.,Normal
අද පාසල් වැඩ ටික ඉවර කළා.,Normal
සමහර දවස්වලට මම කැමතියි දේවල් වෙනස් වෙන්න කියලා,Bad
පුරවන ලද ලෝයල්ටි කාඩ්පතකට ස්තුති වන්නට මට නොමිලේ අයිස් දැමූ ලේටේ එකක් තිබුණි,Happy
මම ලොතරැයි ටිකට් පතක් සීරීමක් දිනා ගත්තා,Happy
බර අඩු කර ගැනීමේ ඉලක්කයක් සහ පහසු නොවන ඔට්ටුවක් සපුරා තියෙනවා,Happy
අද කාලය සෙමින් ගියා වගේමයි.,Normal
මට නව රැකියාවක් ලැබුණා අභියෝගයක් වුණත් මට ආරක්ෂිත බවක් දැනුණා,Happy
මනස නිදහස් කරගෙන හොඳ දේවල් ගැන හිතනකොට මට සතුට වැඩි වෙලා දැනුණා,Happy
අදත් නිතර වගේම කාලය ගත වුණා.,Normal
අද කාලය නිතර වගේම ගෙවුණා.,Normal
නැවත තියෙනවාවීම,Bad
මට ඒ ජරාවට අසනීපයි,Bad
පසුගිය දවසේ අපේ ගෙදර අලුත් කිරීම ගැන තීරණයක් ගත්තා ඒකෙන් මට සතුටු හිතුණා,Happy
අද shop එකට ගිහිං අයිතම් දෙකක් ගත්තා.,Normal
අද වැඩ ටිකත් කාලයත් සාමාන්යයි.,Normal
අද පොඩි වැඩ ටිකක් අතරින් දවස ගියා.,Normal
කිරි ආහාර සමාලෝචනය,Normal
මට බය දැනෙනවා,Bad
වළාකුළු ටිකක් තිබුණා.,Normal
මට බය දැනෙනවා,Bad
යමක් හොඳ කියලා පෙනෙන විට ඒක සාමාන්යයෙන් නරක ය,Bad
සාමාන්ය ලෙස යාලුවන් එක්ක හිටියා.,Normal
අද ගෙදර ඉඳලා වැඩ ටික කරා.,Normal
අද වැඩ ටික සාමාන්ය විදියට කරා.,Normal
අද tuition class එකට ගියා.,Normal
අද ටිකක් වෙලා ගියා.,Normal
මම අවසානයේ මගේ ලිපිය වැඩ සඳහා ලියා අවසන් කලා,Happy
අද උදේ මිතුරෙකුට කතා කළා.,Normal
අද පන්තියේ අලුත් assignment එකක් ලැබුණා.,Normal
මම මගේ ප්රියතම බර්ගර් ජොයින්ට් එකෙන් බර්ගර් එකක් කෑවා ඒක රසවත් නිසා සතුටු වුණා,Happy
මගේ ප්රියතම ගීත දෙක සමහර විට,Normal
ලිපි ලේඛන කිහිපයක් අවසන් කර වැඩ කටයුතු සිදු කළා,Happy
අද උදේ අහස ටිකක් වැස්සා.,Normal
මම කොහේ හරි යන්න ලෑස්ති වෙද්දී අම්මා කතා කරන එකෙන් මට සතුටුයි,Happy
මම අද මගේ සැමියා සහ මගේ බළලා එක්ක ඇවිදින්න ගියා හිරු එළියත් ලස්සනයි කියලා හිතුණා,Happy
අද දවසේ වැඩ ටික හොඳින් කළා.,Normal
අද internet slow වුණත් manage කළා.,Normal
යාලුවන් එක්ක ටිකක් කතා කළා.,Normal
අද වැඩ කරලා සවස නිදියන්න ගියා.,Normal
මමයි මගේ බිරිඳයි අද අපේ දස අවුරුදු සංවත්සරය සමරනවා,Happy
මම උරා බොන බවට සෑම විටම සාක්ෂි සොයන්න,Bad
අද වැඩට යෑම සාමාන්ය විදියටම වුණා.,Normal
අද විද්යාව පාඩම සාමාන්යයි.,Normal
ඔබේ මුහුණෙන් කඳුළු ගලා යන තෙක් ඔබ කැඩපත අසල තරුවක් වන තුරු ඔබ වේදනාව දන්නේ නැහැ,Bad
ඇයි මට ඔයාගේ ආදරය වෙන්න බැරි,Bad
මට තනිකම දැනෙනවා,Bad
අද පසුව කාමරය සකස් කළා.,Normal
මගේ ෆ්ලෑෂ්බැක් මාව බය කරනවා,Bad
අනේ දෙවුණානේ අනාගතේ,Bad
මට ක්රෙඩිට් කාඩ්පතකින් මුදල් ආපසු ගෙවීමේ චෙක්පතක් තැපෑලෙන් ලැබුණි,Happy
ඔබ තවමත් භාවිත කරන චිකිත්සක මට ඔබට උදව් කළ හැකිය,Bad
මගේ සැමියා රසවත් උදෑසන ආහාරය පිළියෙල කළා,Happy
ඉතින් දුකයි,Bad
මම ටිකක් ඉගෙනගෙන ගිය පරීක්ෂණයෙන් සාමාර්ථයක් ලැබුණා ඒකෙන් මට සතුටුයි,Happy
අද වැඩ කරන අතර කාලය ඉක්මනින් ගියා.,Normal
අතුරුදහන් වීමට සහ නැවත නොඑන්නට,Bad
අද මම සමාජ සේවා අවස්ථාවකට යන අතර මම සමාජ වැඩ පිළිබඳ දේවල් වලින් කොටසක් ගන්නවා මෙම අවස්ථාවෙන් පසු මට මහත් සතුටක් සහ සතුටක් දැනෙනවා,Happy
අද මම කැමතිම වැඩසටහනක් නැරඹීම මට සතුටක් ගෙන දුන්නා,Happy
ඈත ගිය මගේ යාළුවෙක් මට අපි ගැන විහිළු මතකයක් එව්වා සතුටුයි,Happy
අද හිතේ විශේෂ වෙනසක් නැහැ.,Normal
අදත් නිතර වගේම දවසක්.,Normal
කැඩුණු මුද්ද බිඳී ගිය සිහිනය,Bad
මට ඔබ සමඟ කතා කරන්න අවශ්ය වන්නේ ඔබ ඔබේ ජීවිතයේ මෙතෙක් කර තියෙනවා සෑම නරක දෙයක් ගැනම ඔබට මතක තබා ගන්න බලය තියෙනවා එකම වාක්යයයි,Bad
මට විවිධ ස්ථාන ත් ත් ක ලකුණක් තිබේ,Bad
ඒක නොපෙන්වන නිසා ඒක රිදවන්නේ නැහැ,Bad
මට නිදාගන්න බැරි තරමට ඒ කටහඬ උස් වුණා,Bad
අද වතුර කප්පර ටිකක් තිබුණා.,Normal
මම කොලොම්බියාවට ගුවන් යානයක් වෙන් කරවා ගත්තා,Happy
මම බරක් වෙනවා,Bad
වාසනාවන්ත ඩිප් තරඟයකින් මට ත්යාගයක් ලෙස යකඩ පෙට්ටියක් ලැබුණි,Happy
මම අවසානයේ මගේ පරිගණකය සවි කර තියෙනවා දැන් මට කළ යුතු දේවල් කරන්න ආපසු යා හැක,Happy
ඵලදායිතාවය සාර්ථකත්වයේ නිර්වචනයේ කොටසක් වී තියෙනවා් නම් ඒක සයිමන් ශුභාරංචිය ව්යාපාරයේ මිෂෙල් ෆිගියුරොවා සමඟ මන්දගාමී වීමේ වටිනාකම ගැන කතා කරයි සහ අප වෙනුවෙන් කාලය ගත කරයි,Happy
සමාවෙන්න මම ඔබව මත්ද්රව්යයක් බවට පත් කරනවා,Bad
අද දවස හොඳට manage කරගත්තා.,Normal
අද පුවත් විකාශනය සාමාන්යයි.,Normal
ඇයි මම මගේ අභ්යන්තර සුන්දරත්වය ගැන උද්යෝගිමත් නොවන්නේ,Bad
මට අද රැකියාවට යන්න අවශ්ය නොවූ අතර මගේ පවුලේ අය සමඟ ගුණාත්මක කාලයක් ගත කරන්න මට හැකි වුණා,Happy
ඔබ කියන දේ සහ කරන දේ අතර වෙනසක් තියෙනවා,Bad
ඔබ දන්නවාද ඔබට වඩා හොඳ කෙනෙක් සමඟ සංසන්දනය කිරීම රිදවන නමුත් ඔබට සිනාසෙමින් මවා පෑමට සිදු වන හැඟීම කුමක්ද,Bad
මම මගේ මිතුරන් සමඟ දිවා ආහාරය සඳහා පිටතට ගියා,Happy
ජීවත් වීමට කිසිවක් නැහැ,Bad
හැලොවීන් සඳහා කුඩා පුස් පැටවෙකු පමණි,Bad
දෘඩ තැටියේ දෝෂයක් තියෙනවා වූ මගේ පරිගණකය අවසානයේ අලුත්වැඩියා කර තියෙනවා,Happy
මම කිසිවෙක් නොවන බව මම දන්නා නිසා ඔබ මට කියන්නට අවශ්ය නැහැ,Bad
මම මිලදී ගන්න නිවසක් සෙවීමට පටන් ගෙන තියෙනවා අතර අනාගතය සඳහා යම් බලාපොරොත්තුවක් දැනෙනවා,Happy
අන් සියල්ලටම වඩා ඇය මගේ එකම දියණියගේ උපන්දිනය වූ අතර ඇයට වයස අවුරුදු න් සම්පූර්ණ වූ අතර ඇගේ විශේෂ දිනය ඇය මගේ දවසද විශේෂ කළේය,Happy
අද ගෙදර වැඩ ටික සාමාන්ය විදියට කරා.,Normal
අද විශේෂ හැඟීමක් නැහැ.,Normal
ගල් යුගයේ ක්වීන්ස් අද නව ගීතයක් නිකුත් කර තියෙනවා අතර ඒක තියෙනවා්තෙන්ම ආකර්ෂණීය සහ හොඳ ය,Happy
අද රාත්රියේ මම නගරයෙන් පිටත කියලා සිතූ තවත් මගේ මිතුරෙකු පල්ලියේ උත්සවයකට සහභාගී වන බව මට දැනගන්නට ලැබුණි,Happy
අද දවස විශේෂයක් නැහැව ගියා.,Normal
අද පොඩි ගමනක් ගියා.,Normal
ලස්සන පොඩි බල්ලෙක් ඇවිත් මට ආයුබෝවන් කිව්වා,Happy
අද පන්තියේ කාලය සාමාන්යයි.,Normal
මගේ මටමා විදේශයක සේවය කරන අතර ඔහු මෙහි ඉන්න විට ඒක මට වටිනා කාලයකි,Happy
අද කාලය නිතර වගේමයි.,Normal
ඉතා හොඳ කණ්ඩායමක් සොයා ගන්න මට හැකි වුණා්,Happy
අවුරුදු ට පස්සේ මට මගේ ළමා මිතුරිය මුණ ගැහුණා,Happy
මට අද භාවිත කළ හැකි මුදල් ඊයේ රාත්රියේ සොයා ගැනීම සතුටක්,Happy
මම කාර්මික ඉංජිනේරු උපාධිය ගත්ත දවස,Happy
මාව සෙල්ලං කරන හැමෝටම රිප් කරන්න මාව ට්රයි කරන්න එහෙමත් නැහැ්තම් මට බොරු කියන්න මොකද ඔයාලා ඔක්කොම මට මැරිලා,Bad
අද පොඩි සැලසුමක් කරලා හිටියා.,Normal
අනපේක්ෂිත ලෙස මට රැකියාවෙනවාදී විශාල වැඩිවීමක් ලැබුණි,Happy
මම කැමතිම රූපවාහිනී වැඩසටහන ආවා,Happy
මට ඔයාව කළු බබෙක් ඉසබෙල් එක්ක පේනවා,Bad
සෑම හුස්මක්ම යුද්ධයක් කියලා හිතන අතර මම තවදුරටත් දිනනු තියෙනවා කියලා මම නොහිතනවා,Bad
අද කුඩා ඉලක්කයක් සම්පුර්ණ කළා.,Normal
අද මට ගොඩක් සතුටුදායක දවසක් වුණා,Happy
අද කාලය සරලව ගෙවුණා.,Normal
tuition එකේ පාඩම සාමාන්යයි.,Normal
අද අපායෙන් දිනයක් වුණා,Bad
සංගීතය සෑම කෙනෙකුටම ඇසෙන තරම් ඝෝෂාකාරී නොවන බවට වග බලා ගැනීම සඳහා ඔවුන්ගේ හෙඩ්ෆෝන් පිටතට ගෙන ඔවුන්ට සවන් දෙන්න,Bad
සමහර විට ඒක කරන්න වඩා පහසු වෙනවා,Bad
මම ගෙදර ආවම මගේ අවුරුදු දහහත්වෙනි පුතා ගෙදර වැඩ ටික කරලා තිබ්බා ඒක දැකලා මට සතුටු හිතුණා,Happy
අද කතාබහ ටිකක් තිබුණා.,Normal
මම හිතන්නේ මම වැඩි කාලයක් ජීවත් වෙනවා කියලා,Bad
මිනිසුන් කැමති දේවල් කරන්නේ කෙසේද කියලා මට තේරෙන්නේ නැහැ,Bad
පන්තිය ඉවරවෙලා බස් එකට ගියා.,Normal
අද මට සතුටු දවසක් වුණා,Happy
මගඑ දෞව් මට එාය්ව සෛප් ගැණීම්ට ඉඉට් දඇන් වෛට් ෙඅගේ හෛස් පෙර්ලඅ ෘ උාදු යටඉකුරු කර ෘ සෛනසුනාය්,Happy
මගේ බිරිඳ මට රසවත් සැන්ඩ්විච් එකක් දුන්නා,Happy
අද වැඩ ටික පුරුදු විදියට කරගත්තා.,Normal
නිදාගන්න කලින් පොතක් කියවලා හිටියා.,Normal
මට ඩෝනට් එකක් දුන්නා මේකෙන් මට සතුටක් දැනුණා,Happy
කාලෙකින් කතා නොකර හිටිය මට යාළුවෙකුගෙන් දුරකතන ඇමතුමක් ආවා,Happy
අද වැඩ ටිකත් විවේකයත් සාමාන්යයි.,Normal
ඔබ මට අස්ථායී කියලා කීම නිවැරදියි මම ඇවිදින මගුලක් විපතකි,Bad
හැමදාම මේ පසුතැවිල්ලෙන් ජීවත් වෙන්න,Bad
ඔයාට මතකද ඔයා මම ඒකට සම්බන්ධ වුණාම,Bad
මට ගොඩක් වටින්නේ නෑ වගේ,Bad
අද wifi එක වැඩ කළා.,Normal
මම අද ඇඳපු පරණ කමිසයට ගැළපෙන එක ගැන සතුටුයි,Happy
මධ්යම රාත්රියේ වැඩිපුර කල්පනා කිරීම,Bad
අද කාලය ඉක්මනින් ගෙවුණා.,Normal
අද නගරය තුළ විශේෂ උත්සවයක් නැහැ.,Normal
අද chapter එකේ පළමු කොටස කරගත්තා.,Normal
කුලිය ගෙවන්න පුළුවන් වගේ හොඳ රැකියා අවස්ථාවක් ගැන ආරංචි වුණා,Happy
මෙතන ඉන්න ඕන නෑ,Bad
අද ගෙදර කාලය ටිකක් දිග වගේමයි.,Normal
අද හවස කුඩා ගමනක් ගියා.,Normal
මගේ නැන්දම්මා මට සල්ලි දුන්නා ඒ නිසා මට තනියම ගන්න බැරි යෝගට් ටිකක් ගන්න පුළුවන් වුණා,Happy
මම නගර පාලනයේ රැකියා සඳහා ප්රවෙනවාශ විභාගයකින් සමත් වූ බව මට දැනගන්නට ලැබුණි,Happy
මේ පොත් හොඳ වේවි,Normal
මම මගේ මිතුරා ෆ්ලොරිඩාවෙනවා ඩෙටෝනා බීච් වෙත ගියා,Happy
කෑම කෑවා.,Normal
මම අද බොහෝ වැරදි ලෙස ලිංගිකව හැසිරී තියෙනවා,Bad
මට සෝඩා පානයක් තෑගි ලැබුණා ඒක රසයි සතුටුයි,Happy
මගේ මිතුරන් සඳහා සිරගෙවල් සහ මකරුන් ව්යාපාරයක් පවත්වාගෙන යාම ගැන මම සතුටු වුණා,Happy
දිගු වෙහෙසකින් පසු හොඳ නින්දක් ලැබුණා ඒක මට සතුටුයි,Happy
මම අද වෙනවාලාසනින් නැගිට්ටේ මගේ දුව ස්පාඤ්ඤයට යන ගමනේ ආරම්භයට කැඳවාගෙන යන්නයි මට බය හිතුණා මට වැඩිපුර නින්ද යයි කියලා,Happy
රුසියාව නැවතත් අපේ මැතිවරණය හැක් කරන්න හෝ ඒ සඳහා කිසිවක් හැක් කරන්න උත්සාහ කරනු තියෙනවා කියලා මම නොහිතනවා,Happy
අද ගෙදර ඉඳලා සාමාන්ය වැඩ කළා.,Normal
අද දවස සාමාන්ය විදියට ඉවර වුණා.,Normal
මම අවන්හලකින් රසවත්ම කෑමක් ඇනවුම් කලා,Happy
පසුගිය අප්රේල් මාසයේදී මගේ පැරණි ළමා මිතුරියගේ ආටි වැනි උපන්දිනයට හෝ ඇගේ මංගල උත්සවයට මට ආරාධනා කළා මේය අවන්හලක සමරන විශාල උත්සවයක් වන අතර බොහෝ දෙනෙකුට ආරාධනා කරනු ලැබෙනවා මාංගල ක්රීඩිකාව ඇගේ රන් ගවුමෙන් ඉතා අලංකාර වන අතර ඇයගේ මංගල තේමාව හොඳයි මම මෙම උත්සවයට සූදානම් වූ අතර මගේ පැරණි ළමා මිතුරිය දැන් කාන්තාවක් වීම දැකී තිබෙනවා,Happy
අද කාලය අහම්බෙන් ඉක්මනින් ගියා.,Normal
අද අඳින්න තියෙන ඇඳුම් සෝදාගත්තා.,Normal
මම වැඩ ඇරිලා ගෙදර එනකොට මම වයසක යුවළකට ඇයලගේ ගමනාන්තයට යන්න උදව් කළා ඔවුන් අපිට ආශිර්වාද කළා ඒක මට ගොඩක් සතුටුයි,Happy
අද දවස පුරුදු විදියටමයි.,Normal
රැකියාවෙනවාදී මට වැටුප් වැඩිවීමක් ලැබුණා මම ඊයේ උදේ මගේ ඇගයීම සඳහා ගිහින් පැය කිහිපයකට පෙර නැවත ඇසුවෙනවා,Happy
මම අතුරුදහන් වන එක් දිනක් කවදාද කියලා මම කල්පනා කරනවා,Bad
මගේ තාත්තා මගේ උපන්දිනයට අලුත් ලැප්ටොප් එකක් තෑගි කළා සතුටුයි,Happy
ඒක කිසිවක් සිදු නොවන බව මවාපාන්නේ ඒක කෙතරම් ශක්තිමත්ද යන්න මිනිසුන්ට දකින්න අවශ්ය නිසා ඒක සැබවින්ම කෙතරම් වෙනවාදනාකාරී සහ චිත්තවේගීයද යන්න දන්නේ ඇය පමණි,Bad
මගේ සහෝදරිය පවුලේ මගුල් තරුව වන අතර මම හිස උදුම්මන්නෑමි,Bad
ටයර් නමුත් ටයරය,Bad
මම අද රෑ කියන්නම්,Normal
අද දුම්රිය නියමිත වේලාවට ආපු අතර දුම්රිය ස්ථානයෙන් පිටතට ආවාීම ඉතා හොඳ කාලගුණයක් වුණා,Happy
මම කැමති අවන්හලකට යන්න පුළුවන් වුණා,Happy
අද දවසේ නිතර වැඩ ටික කරගෙන ගියා.,Normal
ඔබට ඒක ඔබටම නොතේරෙන විට ඔබේ හිසෙහි සිදුවන දේ පැහැදිලි කිරීම කොතරම් ආතතියක් ද කියලා මිනිසුන්ට සැබවින්ම තේරෙන්නේ නැහැ,Bad
හොඳ පොඩ්කාස්ට් එකකට සවන් දීලා සතුටු වුණා,Happy
ඔබ ලස්සන හෝ මිය ගියහොත් මිස ඔවුන් ගණන් නොගන්නා බව සත්යයකි,Bad
අද වැඩ ටිකක් තිබුණා.,Normal
අද දවල් කෑම ටිකක් හොඳයි.,Normal
මම මගේ ෆේස් සහා්න් යන පුතුන් දෙදෙනා සමඟ බේස්බෝල් ක්රීඩාවක් කරමින් හිටියේ ගෙවත්තේ ය,Happy
මාව වැඩට කලින් ගෙදර යැව්වා,Happy
උදේ සිට රෑ වෙනකල් සාමාන්ය කටයුතු කළා.,Normal
මගේ සේවකයා ඇගේ රැකියාවෙනවා විශිෂ්ටත්වය දක්වති,Happy
එවිට මම හිතන්නට පටන්ගන්නේ සියදිවි නසාගැනීම එකම මටර්ගය බවයි,Bad
ඔබ මගුලක් නොදෙන විට සියල්ල යහපත් වෙනවා,Bad
මට තවමත් මැරෙන්න ඕන ස්ථාවරයි,Bad
මට මල්ලිගෙන් විපාකයක් ලෙස ලැප්ටොප් එකක් ලැබුණා සතුටුයි,Happy
දෙපස හොඳින් නොබලා පාරේ ඇවිදින්න,Bad
කරුණාකර නවත්වන ලෙස මම මගේ හැඟීමෙන් ඉල්ලා හිටියා,Bad
සහ වෙනත් අය,Bad
මට බය දැනෙනවා,Bad
අද දවල් කාලය ඉක්මනින් ගියා.,Normal
මගේ ඔළුව දැන් භයානක තැනක්,Bad
මම ඔබව පහත් කිරීම ගැන මට කණගාටුයි,Bad
මම තාත්තා එක්ක යාත්රා කළා,Happy
මගේ ස්වාමිපුරුෂයා ඇයගේ රැකියාවෙන් උසස්වීමක් ලබා තියෙනවා අතර තවත් මුදල් උපයනු තියෙනවා,Happy
සමාවෙන්න මට මගේ විශ්වීය තනිකම ගැන මෙනෙහි කළ නොහැක,Bad
මට මුදල් ලැබිය යුතු කෙනෙක් ඊයේ රාත්රියේ මට ආපසු ගෙවීම ගැන මම ගොඩක් සතුටු වුණා,Happy
මගේ දෙහැවිරිදි දරුවා ඇගේ කාමරයේ රාක්ෂයන් ඉන්න ආකාරය ගැන කෑගසමින් මා අවදි කරනවා වෙනුවට රාත්රිය පුරා නිදාගත් අතර ඇයට මා සමඟ යහන මත නිදා ගත යුතුය,Happy
මම හැමෝටම ඉන්න හැටි මොකුත් වෙන්න එපා,Bad
අද දවසේදී දුරකථන call දෙකක් ආවා.,Normal
අපි ලොකු දුවට කාර් එක යවලා ඇයලට ලැබුණා කියලා ඇය කියපු එකෙන් මම සතුටු වුණා,Happy
මගේ පුතා ඇත්තටම මම උදේ ඇයව අවදි කරන විට මැසිවිලි නඟනවා වෙනුවට මාව පිළිගත්තා,Happy
අද දවස සාමාන්ය විදියටම ගෙවී ගියා.,Normal
ඊයේ රෑ මගේ සහෝදරයා මාව බලන්න ආවා ඒකෙන් මට සතුටුයි,Happy
මම අවශ්යකෙනෙකුට සල්ලි ටිකක් දුන්නා ඒකෙන් හොඳ හිතක් දැනුණා,Happy
මගේ යාළුවාගෙන් හොඳ ආරංචියක් අහලා මට සතුටු හිතුනා,Happy
මගේ පුතා උපදුණු මොහොත මගේ ජීවිතේ ප්රියතම මොහොතයි,Happy
අද ටිකක් වෙහෙසක් දැනුණා නමුත් සාමාන්යයි.,Normal
අද කාලය විශේෂයක් නැහැව ගියා.,Normal
මම මගේ බෙහෙත් ගැනීම නවත්වන්න යනවා,Bad
හැම විටම තනිකමක් දැනෙනවා,Bad
අද හිතට ලොකු වෙනසක් දැනුනේ නෑ.,Normal
ඔයා මට කරනවද මම දන්නේ නැහැ මම කියලා,Bad
මම ගැන හිතුවට මම කොච්චර දරුණු දඩුවමක් ලැබෙයිද,Bad
මට ලස්සනයි කියන්න එඩිතර වෙන්න එපා,Bad
සතුටුයි මම ඊයේ රාත්රී ආහාරය සඳහා ඉතිරි වූ අතර සතියේ ඉතිරි කාලය සඳහා සරල ආහාර සැලැස්මක් සකස් කලා,Happy
අද දවස විශේෂ නැහැවම ගියා.,Normal
මම මා වෙනුවෙන් නව ස්මාර්ට් ජංගම දුරකථනයක් මිලදී ගත්තා,Happy
ටයිප් කරන්න මට පීඩනය යෙදීම නවත්වන්න,Bad
මගඑ කෑල්ල ගෙං කිසිවෙක් මගෙං ආසනේ නතියෙනවා්,Bad
අද පවුලේ අය එක්ක කෑම කෑවා.,Normal
මම උදේම හොඳ ව්යායාමයක් කරලා සතුටු වුණා,Happy
කඩදාසි කැපීම ඉතා කුඩා නමුත් ඉතා නරක ය,Bad
අලුත් වට්ටෝරුවක් උත්සාහ කරමින් ලස්සන රාත්රී භෝජන සංග්රහයක් පිසූ අතර ඒක ඉතා රසවත් වුණා,Happy
කිසිවක් රිදවන්නේ නැහැ එවිට නොසලකා හරින්න වෙනුවට බොරුව අමතක කරන්න,Bad
අන්තිම සතිය මම මගේ පවුල සමඟ ටැංකි කැපවීමට ගියා,Happy
මට ඉහළ තනතුරකට උසස්වීමක් පිළිබඳ ආරංචිය ලැබුණා,Happy
මම මේ මොහොතේ ප්රතිසංස්කරණය කරමින් ඉන්න පරණ මලකඩ සහිත වැඩ බංකුවක් සෑහෙන ප්රගතියක් ලබා තියෙනවා. නව තීන්ත සමඟ ඒක අලුත් ලෙස පෙනෙනවා,Happy
අද break එකේ කෑම share කළා.,Normal
අද හොඳින් ගියා.,Normal
මම සූදානම් නැහැ ඉවසන්න,Bad
පැනුම් හැන්ගීම් තියෙනවා කාරී නමඋත් බලපෑමක තියෙනවා කරන පුරුෂ වෙන්න ඕනය,Bad
මම ඊයේ මුළු දවසම මගේ ආදරය සමඟ ගත කළා සතුටුයි,Happy
පිපිරුම් සංගීතය ලෝකය නොසලකා හරින්න,Bad
අද වැඩ ටිකත් කරගෙන ඉවරවෙලා හිටියා.,Normal
නිදාගන්න කියලා අඬන එක එදිනෙදා දෙයක් වෙලා,Bad
මගේ උපදේශකයාගේ උපකාරය නිසා මට වැඩ ඉක්මනින් කරගන්න ලැබුණා,Happy
අද lesson එකේ points ටික ලියාගත්තා.,Normal
මම යෝගය නැව්වා,Happy
කනස්සල්ල වැඩි වැඩියෙන් මිනිසුන් ඉන්න විට හුස්ම ගන්න අපහසු වෙනවා,Bad
ඔබ කතා කරන තුරු ඔබ සමඟ ආදරයෙන්,Bad
ඔබේ පෞරුෂය කැත නම් ඔබ කෙතරම් ආකර්ෂණීයද යන්න මට ප්රශ්නයක් නැහැ,Bad
අද කාර්යාල කටයුතු සාමාන්ය ලෙස සිදු වුණා.,Normal
මගේ ප්රියතම චිත්රපටය දැනට විකිණී අවසන් වී තියෙනවාත් වාදනය වන චිත්රපටය නැරඹීමට මට ප්රවෙනවාශපත්ර ලැබුණි,Happy
මම හොඳින් නෙවෙයි,Bad
ඊටත් වඩා නින්දක් නැහැ,Bad
අම්මා මගේ රථය සෝදා පිරිසිදු කරලා තිබුණා සතුටුයි,Happy
අද කරන්න තිබුණු වැඩ ටික කරලා ඉවර කළා.,Normal
මට තනිකම දැනෙනවා,Bad
අද කාලය වැඩ අතර හරිම මෘදුයි.,Normal
සිසිල් මනසකින් වැඩ කරන්න මගේ කාර්යාලයට ඇයර් කුලර් එකක් මිලදී ගත්තා,Happy
අද කෑම වේලාව සාමාන්ය විදියට ගියා.,Normal
මම මාසයක් තිස්සේ දකින පාරේ දුක් විඳින එක බලු පැටියෙකු බේරා ගන්න මට උදව් කළ හැකිය මට අභ්යන්තර සාමය සහ සතුට ලබා දුන්නා,Happy
අද ඉගෙනගත්තේත් සාමාන්යයි.,Normal
එම සිතුවිලි මට ඉදිරියට යා යුතුද යන්න සලකා බැලීමට හේතු වෙනවා,Bad
අද exam ගැන කතා වුණා.,Normal
උදේ පාසල් වැඩ ටික සකස් කරගත්තා.,Normal
මට මගේ ජරා බියකරු සිහින වලින් අවදි වෙන්න ඕනය,Bad
මගේ මනසට ඇතුළු නොවන සිතුවිලි ආවරණය කරන්න ඝෝෂාකාරී සංගීතය,Bad
අද වැඩ ටික නිතර වගේමයි.,Normal
කැමති ගීතයක් අහලා ඉඳලා හිටියා.,Normal
කවුරුහරි මාව නැහැ කර ගනී කියලා බය වෙන්න මම කැමතියි මම ආදරය කරන මිනිසුන් අහිමි වීම ගැන මම නිතරම කැළලක් තියෙනවා නමුත් මාව ඔවුන්ගේ ජීවිතය තුළ තබා ගන්න කිසිවෙකු සටන් කරනු තියෙනවා කියලා මට සැකයි,Bad
අද homework ටික කොටසක් කරලා හිටියා.,Normal
ගෙදර අයත් එක්ක ටීවී ටිකක් බැලුවා.,Normal
මම කියනවා ඒක හොඳයි කියලා නමුත් මම කවදාවත් කියන්නේ ඒක රිදෙන්නේ නැහැ කියලා,Bad
අද දවසේ විශේෂ සිද්ධියක් නැහැ.,Normal
අද ඉතින් සාමාන්යයි.,Normal
අවසානයේ ඔබේ ප්රියතම ගීතය පවා අමතක කරන්න එපා,Bad
මම මගේ දින න්අක් පිරිසිදු ඉරි ඉවත දමන්නද,Bad
මම උදේ ඇහැරෙනකොට මගේ මහත්තයා මට “මම ඔයාට ආදරෙයි” කියලා කිව්වා.,Happy
ජරාව පුද්ගලිකව මගුලක් ලෙස ගන්න,Bad
අද නිදාගන්න පෙර alarm එක set කළා.,Normal
නින්දට ඔබව නිවැරදි කළ නොහැකි වූ විට ඔබ යන්නේ කොතැනටද,Bad
මම තවමත් මෙහි ඉන්න එක මට පිළිකුලකි,Bad
අද කුඩා විවේකයක් ගත්තා.,Normal
ඊයේ මම හෝම් ඩිපෝවෙන් පර්සිමන් ගසක් සොයාගෙන මිලදී ගත්තා පස්සේ කාලෙක මම අපේ මිදුල ඉස්සරහ පැළය හිටෙව්වා,Happy
මගේ ක්රීඩා කණ්ඩායමට හොඳ ජයග්රහණයක්,Happy
අද මගේ හිත බරයි,Bad
මට තනිකම දැනෙනවා,Bad
මට සතුටක් දැනුණා,Happy
මේ පොත් හොඳ වේවා,Bad
මගේ මනස හැමදාම කනස්සල්ලෙන් පිරීලා නිසා මට හුස්ම ගන්නවත් අමාරුයි,Bad
අද වෙළඳසැල් විවෘතව තිබුණා.,Normal
අද හැමදේම සාමාන්යයි.,Normal
චිත්තවේගීය ශ්රමය මගේ මනඃකල්පිතයට ඕනෑවට වඩා සම්බන්ධ නොවීම,Bad
මගේ පූසා සුපිරි හුරතල් වුණා,Happy
දවස පුරා සාමාන්ය වැඩ කටයුතු කරමින් හිටියා.,Normal
අද ටිකක් කාලය නිදහස් තිබුණා.,Normal
සති අන්තයක් සඳහා දින දෙකක් ප්රමාණවත් නොවෙනවා,Bad
අද වැඩ ටික ලේසිව කරගත්තා.,Normal
මම නව වට්ටෝරුවක් උත්සාහ කළා ඒක ඉතා හොඳින් සිදු වුණා,Happy
බොහෝ දේ වෙනස් කරන්න සහ සංවර්ධනය කරන්න සහ සතුටින් ඉන්න එකට,Happy
ඔබ පරිපූර්ණ නැහැ නිසා ඔබ ලස්සන නැහැ බව අදහස් නොවෙනවා,Bad
අද මට වැඩට යන්න වුණේ නැහැ,Happy
මම ජිම් එකට ගියා,Happy
අද යාලුවන් එක්ක ලොකු කතාවක් නෑ.,Normal
හිරිවැටීම මව විනාශ කරයි,Bad
මම එයට සුදුසු නිසා මම මටම රිදවමි,Bad
මම ඊයේ රාත්රියේ පන්තියේදී බෙලිඩන්ස් නැටුම් ශිල්පයක් ඉගෙන ගන්න පටන් ගියා ඒක චිත්රාගාරයේ ප්රධාන ආහාරයක් වන අතර තියෙනවා්ත වශයෙන්ම යම් මලල ක්රීඩාවක් අවශ්ය වෙනවා,Happy
අයියේ මම ඇත්තටම ජරාවක් ගන්න උත්සාහ කරනවා,Bad
මම තවදුරටත් ගණන් ගන්නේ නැහැ,Bad
ඇයි මට ඔයාගේ ආදරය වෙන්න බැරි,Bad
අද සවස ටිකක් ඇවිදින්න ගියා.,Normal
මම කෙල්ලෙන් කැඩෙනවා මට දැනෙනවා,Bad
ඔබ මාව ප්රතික්ෂේප කරන්න හේතුව ගැන පවර්පොයින්ට් ඉදිරිපත් කිරීමක් පමණක් ලබා දිය හැකිද,Bad
අද ඇඳුම් වුණාලුවා.,Normal
මට විසි කරන්න ඕන,Bad
අද call එකකට උත්තර දුන්නා.,Normal
සමහර විට නිකන් නිදාගන්න ගිහින් ඉවරයි,Bad
මගේ හිත රිදෙනවා,Bad
පැවැත්මේ තනිකම පිළිබඳ විශ්ව විද්යාලය,Bad
මම දිවා ආහාර වෙනවාලෙහි මගේ සඟරාවෙනවා ලිවීය,Happy
මගේ හදවත මෝඩ වේවා,Bad
මම කොහේ හරි යන්න ලෑස්ති වෙද්දී අම්මා කතා කරන එකෙන් මට සතුටුයි,Happy
අද කාර්යාල රැස්වීමක් තිබුණා.,Normal
අද උදේ මම වැඩමුළුවකට සම්බන්ධ වුණා ඒකෙන් මට සතුටු හිතුණා,Happy
මම මගේ පරීක්ෂණයෙන් හොඳ ලකුණු ලබා ගත්තා,Happy
අද පන්තියේ group work ටිකක් තිබුණා.,Normal
ඊයේ මගුලක් දෙන්න එපා අද මගුලක් දෙන්න එපා සමහරවිට හෙට මගුලක් දෙන්නේ නැහැ,Bad
උදේ මම ඇයව අවදි කරන විට මගේ පුතා මාව ලොකු බදාගත්තා ලොකූ බදාගත්තා,Happy
අද phone එක charge කළා.,Normal
පාසලේ පන්තිය සාමාන්ය විදිහටම ඉවර වුණා.,Normal
අද කාලගුණය හොඳ නිසා මම පළමු වතාවට එළවළු වවන්න පටන්ගත්තා මට සතුටු හිතුණා,Happy
කිසිම දෙයක් මම කවදාවත් ඔයාට හොඳ නැහැ,Bad
අද වැඩ ටිකත් විවේකයත් සාමාන්යයි.,Normal
මම අවසානයේ මගේ කොංග්රසයට ලියා දුරකථන ඇමතුමක් දුන්නේ රිපබ්ලිකානුවන්ට ඔබාමා ඉදිරිපත් කරන ලද දැරිය හැකි සෞඛ්ය ආරක්ෂණ පනත ඉවත් කිරීම නවත්වන ලෙස ඔවුන්ට උපදෙස් දීමටයි,Happy
මම දවසට සැතපුම් පහක් පයින් යන ඉලක්කය සම්පූර්ණ කළා,Happy
මම ඊයේ මගේ ලොක්කා සහ සගයන් කිහිප දෙනෙකු සමඟ වැඩ කිරීමේදී හොඳ රැස්වීමක් පැවැත්වූ අතර පසුව අපි දිවා ආහාරය සඳහා පිටතට ගියෙමු අප වැඩ කරමින් ඉන්න ව්යාපෘති සහ අපගේ කණ්ඩායම කෙතරම් කාර්යක්ෂමද යන්න පිළිබඳව සියලු දෙනාම උද්යෝගිමත් වූහ,Happy
නිතිපතා උදෑසන ඇවිදීම කෙනෙකුගේ යෝග්යතාවය පවත්වා ගනී ඒක හොඳ සෞඛ්යයක් තියෙනවා කරන්න උපකාරී වෙනවා විද්යාව පවසන්නේ උදෑසන ඇවිදීම රුධිර පීඩනය පාලනය කරන බවත් මානසික ආතතිය සහ වෙහෙස අඩු කර උද්යෝගයෙන් වැඩ කරන්න අවශ්ය ශක්තිය ලබා දෙන බවත්ය,Happy
අද කාලය නිතර වගේම ගියා.,Normal
අද පන්තියේ ගුරුවරයා late නෑ.,Normal
මාව බඳින්න,Bad
මම අද අන්තර්ජාලයෙන් හමුවූ ගැහැණු ළමයෙකු සමඟ කතා කළා,Happy
මගේ චිකිත්සකයා එක්ක කතා කරලා මට හොඳ හැඟීමක් ආවා,Happy
අද පවුලේ අය එක්ක කාලය ගත වුණා.,Normal
මම හොඳින් නෙවෙයි,Bad
මට ගොඩක් දුකයි මම අනාරක්ෂිතයි මම ඊර්ෂ්යාවයි මම තනිකමයි මම ඕනෑවට වඩා ප්රතික්රියා කරන අතර මම වැරදි කරනවා නමුත් මම පොරොන්දු වෙනවා මම ඔබට සැමවිටම මගේ පක්ෂපාතිත්වය ලබා දෙනවා,Bad
අද උදේ කෑම කාලා වැඩට ගියා.,Normal
අද හිතේ ඉහල සතුටක්ත් නෑ.,Normal
වෙලාවට පාසලට යන්න පුළුවන් වුණා.,Normal
ඉතින් ඔයා හිතනවා වැඩිය හිතන්නේ නැහැුව දවසක් යන්න පුළුවන් කියලා,Bad
අද පාසල් දිනය සාමාන්ය ලෙස පැවැත්විණි.,Normal
රැඳී ඉන්න එකට උත්සාහ නොකරන කෙනෙකුට ඔබේ හදවතේ ඉඩක් ලබා දීමට කරදර නොවන්න,Bad
අද පන්තියේ වැඩ ටික ඉවර කරලා ආවා.,Normal
ඇය මගේ උපන්දිනය වූ අතර මට බොහෝ දේ අදහස් කරන ඉතා මිහිරි තෑගි ලැබුණි,Happy
සමහර විට අජීවී වස්තුව මා විනිශ්චය කරනු තියෙනවා කියලා මම කැළලක් වෙනවා,Bad
මම රාත්රී ආහාරය පිසූ අතර ඒක පුදුම සහගත වුණා,Happy
මට දැනෙන්නේ අදත් සාමාන්යයි.,Normal
මම වැඩ ඉවර වෙලා යාළුවොත් එක්ක බොන්න ගියා,Happy
අද පරණ paper එකක් බලලා හිටියා.,Normal
අද ගෙදර පොඩි වැඩ ටිකක් කළා.,Normal
ඔබ අඩ නින්දේ ඉන්න විට ඔබට තියෙනවා වන බියකරු හැඟීම සහ ඔබ හදිසියේම වැටෙන බව ඔබට දැනෙනවා,Bad
මගේ මිතුරන් සමඟ කඳවුරු බැඳීම මට සතුටක් ගෙන දුන්නේ ඒක මා සැබවින්ම විඳිනවා විනෝදාංශයක් වන බැවිනි,Happy
අද timetable එකට අනුව වැඩ කළා.,Normal
සමහර දවස් වල එකම සැනසීම මේ දවස ඉවර වෙලා ඉස්සරහට අලුත් දවසක් එන එක විතරයි,Bad
මගේ ලොක්කා මට මේ සතිය අගදී ක්රීඩා කරන ප්රෝ හොකී ක්රීඩාවකට ප්රවෙනවාශපත් ලබා දුන්නා,Happy
මගේ නැන්දා මැරෙන්නේ දැන් ඕනෑම දිනක වුණා හැකි බව සොයා බලන්න,Bad
උදේ සිට සවස වෙනකල් වැඩ කරමින් හිටියා.,Normal
මම හොඳින් නෙවෙයි,Bad
නමුත් කිසිවෙක් නොදකිති,Bad
හඑම්ඔම් මට වඩාඅ කාඅර්භඅඋල්යෛ මම හෛත්නනේ මම ඔඅවුන්ගේ කාලාස්ය වටඉන්නේ නෑහේ,Bad
මගේ යාළුවෙක් මට කතා කරලා සහය දුන්නා ඒකෙන් මට සතුටු හිතුණා,Happy
මම අවසානයේ මම වැඩ කරමින් හිටියා නිව් යෝර්ක් ටයිම්ස් හරස්පද අවසන් කලා,Happy
අද නියම දවසක්වත් නෙවෙයි නරක දවසක්වත් නෙවෙයි.,Normal
අද වැඩ කරලා කාලය ගෙවුණා.,Normal
මම කැටෆිෂ් සාර්ථකව බෙදපු අතර ඒක තියෙනවා්තෙන්ම හොඳයි,Happy
හැමදේටම එපා කියන්න,Bad
අද දවසේ වැඩ බෙදාගෙන කරගත්තා.,Normal
හොඳයි,Bad
මම කෑමට එළියට ගියා,Happy
අවසානයේ මා බලා හිටියා පැකේජය ලැබීම,Happy
අද පාඩම් කරද්දී විවේකයක් ගත්තා.,Normal
මම බර අඩු කරගන්න උත්සාහ කළා සතුටුයි,Happy
අද lunch time එකේ මොනවත් විශේෂ නෑ.,Normal
මගේ කනස්සල්ල සැමවිටම ඔබ වෙනුවෙන් පවතිනු තියෙනවා,Bad
හැමෝම ඉවතට තල්ලු කරන්න,Bad
සියදිවි නසා ගැනීම බියගුළු නොවන්න මම ඔබට කියන්නම් බියගුළු ලෙස මිනිසුන්ට ඔවුන්ගේ ජීවිතය අවසන් කරන්න අවශ්ය තරම් දරුණු ලෙස සලකන්නේ කුමක්ද,Bad
කවුරුහරි මාව නවත්වන්න මගේ මනස අධික ලෙස ධාවනය වෙනවා මම කියනවා නරක වෙන්න සමහර විට නිදාගන්න වෙලාව,Bad
අදත් ලේසිව ගියා.,Normal
මට පාර්ෂෛලාභ් සහ ඉඅහ්ලා වඇටුප් ලාබඅ ඩඇන් වඇඩ්ට වඇඩිපූර් පඇය් ගණනක ලාබඅ ගැණීම්ට සහඅය් වඊම්ට සහායකයන පෛය්වර ගනඉමින් සෛටී,Happy
කෑම හදලා ඉවර කරලා කෑවා.,Normal
අද වැඩට ගිහිං නිතර වගේම වැඩ කරා.,Normal
අද ගෙදර සද්ද ටිකක් වැඩියි.,Normal
අද පන්තියේ attendance එක දුන්නා.,Normal
මම රාත්රී ආහාරය හදාගත්තා,Happy
මට නැහැවෙලා තිබුණත් පොඩි කාලේ මගේ ෆොටෝ එකක් හම්බුණා,Happy
මගේ මානසික අවපීඩනය ඇත්තටම රෑ බෝ වෙනවා,Bad
සහ මම මගේ අත ඉහළට සහ පහළට කපා තියෙනවා,Bad
මම මගේ අවශ්යතාවය නොසලකා හැරීමට කැමතියි,Bad
අද normal වෙලාවට කෑම කෑවා.,Normal
මගේ දුවට ඊයේ වැඩට නිවාඩු තිබුණ නිසා අපි පුරුදු බල්ලෙක් බලන්න ගියා,Happy
මගේ මිතුරා සමඟ වීඩියෝ ක්රීඩාවක් කරමින් ඵ,Happy
වැඩකට නැහැ වැදගැම්මකට නැහැ මානසික අවපීඩනය,Bad
අද කාලය වෙන් කරලා වැඩ කළා.,Normal
මම ඔබට කරදර කරන්නේ නම් මට කියන්න සහ මම ඔබව තනි කරන්නම් මන්දා යමෙක් ඔබේ සමාගම භුක්ති විඳිනවාද නැද්ද යන්න ගැන සැකයක් නැහැ නිසා,Bad
අද හැමදේම සාමාන්යයි.,Normal
මගේ හිත රිදෙනවා,Bad
මට සමාජ මාධ්ය දොපමයින් ඇබ්බැහි වීමේ අවසාන වමනය පමණක් වන අතර මම මට ඩ්රැග්ස් දෙමි,Bad
ඇය ඇගේ සියලූ ගැටලූ සිනහවක් පිටුපස සඟවා ඇගේ සිනහව පිටුපස වේදනාවෙනවා ලෝකයක් වෙනවා ඔබ ඇයව හඳුනනවා කියලා හිතන නමුත් ඔබට ඇත්තටම අදහසක් නැහැ,Bad
සමාවෙන්න මෙච්චර මගුලක් උනාට සමාවෙන්න මේ වගේ අසාර්ථක වීමක් උනාට සමාවෙන්න අවමානයක් උනාට සමාවෙන්න මම වීම ගැන,Bad
මම හොඳින් නෙවෙයි,Bad
උදේ සිට සවස වෙනකල් නිතර වැඩ.,Normal
මම පුදුම වෙනවා කී දෙනෙක් මගේ කැපිල්ල දැකලා කවදාවත් මුකුත් කියන්නේ නැද්ද කියලා,Bad
traffic එක තිබුණත් හරිම සාමාන්යයි.,Normal
අද ගමනාගමනය නිතර වගේමයි.,Normal
මම සනුවකින් පසු මගේ බබෙල් බංකු මුද්රණාලය මත ඉදිරියට ගියා,Happy
අද ටිකක් විවේකයක් ගත්තා.,Normal
අද මගේ හිත බරයි,Bad
පරණ යාළුවෙක් එක්ක කතා කළා,Happy
අද කුඩා සටහන් ටිකක් සකස් කළා.,Normal
මම පහේ මගේ සීමාවෙනවා හිටියා,Bad
ඔබ බිඳීමට හේතුව වූ පුද්ගලයාට මම හොඳින් කියලා කීම කොතරම් වෙනවාදනාකාරීද,Bad
කේන්දර ගොඩක් දේවල් රිදෙනවා,Bad
මම දින ෆෝඞ් කින් ඇඳෙන් එළියට ගියේවත් ඇඳුම් ඇඳගෙනවත් නැහැ,Bad
මම අන්තර්ජාලයෙන් අලුත් යාළුවෙක් හැදුවා,Happy
ඔාස්ප වාීමේ පාලමඋ දෛන්යඒ යට ඇඅඳුම්කඉන් ටඑම්පෙං නඑත් නඑග්ඉටීම්ට කමමැලියි මම පඑස්සෙක් වගඒ තතව්ය නෛවෙර්දෛ කරනන්,Bad
පසුගිය සතියේ අපේ පල්ලියේ නිවාඩු බයිබල් පාසලක් තිබුණා මෙම සිදුවීම මා ගැන පූර්ණ සතුටට පත් වෙනවා මන්ද මෙය ශුභාරංචිය ගැන දරුවන්ට පැවසීමට හොඳ අවස්ථාවක් වන බැවිනි,Happy
අද පාසලෙන් ආපහු ගෙදර ආවා.,Normal
අද විශේෂ දෙයක් සිද්ධ වුණේ නෑ.,Normal
මිනිසුන්ට සමීප වෙන්න බයයි ඔවුන් අවසানে මාව දාලා යයි කියලා හැඟෙනවා,Bad
අද කුඩා කතාබහක් කරලා හිටියා.,Normal
මම අද මගේ බිල්පත් ගෙව්වා සතුටුයි,Happy
මට තවත් මේක කරන්න බෑ,Bad
මේ දවස්වල මගේ අම්මා මගේ හැඟීම් සහ තත්වයන් තේරුම් ගන්නවා,Happy
කාලගුණය සාමාන්යම වගේමයි.,Normal
ගිය මාසයේ මම මගේ රැකියාව වෙනස් කළා,Happy
අද උදේ කෝපි හදනකොට රේඩියෝ එකෙන් මම හරිම ආස සිංදුවක් ඇහුවා,Happy
මට හැඟීමක් තියෙනවා වීමට ඕන නැහැනම් මට ඒක තිබිය නොහැකි බව මාව පෑමට මම කැමතියි,Bad
අද ගෙදර ඉඳලා සාමාන්ය වැඩ කළා.,Normal
ඔහු යහපත් දේවල් කරලා විශ්වාසය ගන්න කැමතියි,Happy
අද වැඩ ටික ලේසිව කරගත්තා.,Normal
මගේ බිරිඳ සමඟ රසවත් රාත්රී ආහාරය කෑවා සතුටුයි,Happy
මගේ අම්මා මට කියනවා පිහි එක්ක සෙල්ලම් කරන්න ගිහින් තව ටිකක් කපාගන්න කියලා,Bad
මට අද හොඳ තෑග්ගක් ලැබුණා සතුටුයි,Happy
මට සමහර වෙලාවට ඊර්ෂ්යා වෙලා වැඩිපුර ප්රතිචාර දක්වන්නේ නම් මට සමාවෙන්න ඒ ඔයාට මාව නැහැ වෙනවාට වඩා මට ඔයාව නැහැ වෙන්න තියෙන ඉඩකඩ වැඩි නිසා විතරයි,Bad
මගේ අම්මා නිතරම මට කියනවා ඔයාට ලස්සන දෙයක් කියන්න බැරි නම් කිසිම දෙයක් කියන්න එපා කියලා සමහර අය අහනවා ඇයි මම මේ තරම් නිහඬව ඉන්නේ කියලා,Bad
ඔබ ඇත්තටම මම හොඳින් ඉන්නවා කියලා හිතන එක ලස්සනයි,Bad
අද යාලුවෙක් එක්ක කතා කළා.,Normal
අද ගෙදර හිටපු වෙලාව ටිකක් වැඩියි.,Normal
අද පාසලට ගියා.,Normal
මට ඇත්තටම ඔබ සමඟ කතා කරන්න අවශ්ය අතර ඔබට කරදර කරන්න මට අවශ්ය නැහැ,Bad
මම බොහෝ වෙලාවට හිනාවෙලා ඉන්නවා නමුත් තියෙනවාුළෙන්ම මම බිඳ වැටෙන්නෙ නැහැ වෙන්න උත්සාහ කරනවා,Bad
මම මගේම කියලා පොඩි ව්යාපාරයක් පටන් ගත්තා,Happy
බලාපොරොත්තු නැහැ බලාපොරොත්තු කඩවීම් නැහැ,Bad
මම විහිළු වීඩියෝවක් බැලුවා සතුටුයි,Happy
මිතුරු හමුව,Happy
දවස පුරා විශේෂ දෙයක් සිද්ධ වුණේ නෑ.,Normal
ඇඳ අස්සෙ කාමරය ටිකක් සකස් කළා.,Normal
මෙම මස මුලදී ආරම්භ කරන්න තීරණය කිරීමෙන් පසු මගේ පළමු සම්පූර්ණ ව්යායාමය සම්පූර්ණ කරන්න මට හැකි වුණා,Happy
ගෙදර ගිහින් රෑ කෑම හදන්න නැහැ එක මට සතුටක් ගෙන දුන්නා,Happy
පරෛපූර්න් පෞද්ග්ලයාය සඔය කාලාස්ය ගත කරනාඋ එාත් මටනද් ඕාබ්ව පරෛපූර්න් ලාඑස් සතෞටු කළ හඑකි අාස්මපූර්න් පෞද්ග්ලයාය ඕාබ්ට මග හඑරෙනු එාත්,Bad
මගේ හොඳම මිතුරා උපන් සාදය,Happy
අද දවස සාමාන්ය රටාවට අනුවයි.,Normal
දවස ඉවර වෙනකල් වැඩ කරා.,Normal
අද කැන්ටින් එකේ කෑම සාමාන්යයි.,Normal
මම කරන සමහර දේවල් ගැන මම ආඩම්බර වෙන්නේ නැහැ නමුත් මම ඔවුන්ගෙන් ඉගෙන ගත් පාඩම් ගැන මම කෘතඥ වෙනවා,Bad
නිව් යෝර්කාර් කාටූන් අදහස එල්ඩෝග් ව්යාපාරික හමුවක් වන අතර ඔවුන්ගෙන් එක් අයෙක් පවසන්නේ මට සුවඳ දැනෙන බවයි,Happy
වැඩ ටික කරලා නිදාගන්න ගියා.,Normal
හයි කරුණාකර මෙම විශාලන සිදුවීම් වෙත එන්න මම මගේ නව නවාල් කිරි ආහාර සඳහා කරන්නෙමි මම කතා ජරාව කියවා ප්රශ්නයට පිළිතුරු දෙන්නෙමි සියලුම සිදුවීම් ලියාපදිංචි වීමට නොමිලේ සබැඳියක් වන්න මෙම ට්වීට් එකට පිළිතුරු ට්විටර් ත්රෙඩ් එකේ තිබිය යුතුය ස්තුතියි,Bad
මම මගේ අලුත උපන් බිළිඳා සමඟ හුරතල් වී නිදාගත් අතර ඇය මට ඉතා සැහැල්ලුවෙන් හා සතුටට පත් වුණා,Happy
මගේ බෑනා එක්ක වීඩියෝ ක්රීඩා කළා,Happy
අද වැඩට ගිහිං පුරුදු රටාවට හිටියා.,Normal
සමහර විට මම හිතන්නේ මගේ ආත්ම අභිමටනය හොඳ අතට හැරෙන අතර පසුව ඒක එසේ වනු තියෙනවා,Bad
නැහැ මම මගේ හැඟීම දැනෙන්න යන්නේ නැහැ,Bad
අද සාමාන්ය දවසක්.,Normal
ඔබ මට කරදර කරන තුරු මම තියෙනවා්තෙන්ම ලස්සනයි,Bad
කෙල්ලෝ හුරතල් වෙන්න නැහැ්නම් මොනවා හරි වෙන්න,Bad
ෆ්ලෑෂ්බෑක් නරක අතට හැරේ,Bad
පන්තියේදී මට ලැබුණු කාර්යය කරගෙන ආවා.,Normal
හොඳ දවසක් නොවෙනවා,Bad
උමතු සිතුවිලි වල ප්රධානියා,Bad
අද උදේ කුඩා වැඩ ටිකක් කරා.,Normal
අද assignment එක ගැන ටිකක් කියවලා බැලුවා.,Normal
මට තේරෙන්නේ නෑ මිනිස්සු ජීවත් වෙන්න කැමති කොහොමද කියලා,Bad
මගේ මිතුරිය ආරක්ෂිතව ඇගේ ගමනට ආපුයා්,Happy
අපි සත්වෝද්යානයට ගිහින් සතුන් බලලා ෆෝන් එකෙන් ෆොටෝ ගත්තා සතුටුයි,Happy
මගේ හිත රිදෙනවා,Bad
ඔයාට බැරි වෙන්න මම මාවම විනාශ කර ගන්නවා,Bad
අද දවස හොඳින් ගෙවුණා.,Normal
ගෙදර පිරිසිදු කරන්න ටිකක් උදව් කළා.,Normal
අද මට වැඩි අසනීපයක් නෑ.,Normal
මම එතරම් වටිනාකමක් නැහැ ජරාවක් වෙනවා,Bad
උදේ කෑම කාලා දවස ආරම්භ කළා.,Normal
මගේ මටමා මට නව තෑග්ගක් දුන්නා මට සතුටු වුණා,Happy
සමහර වෛත් මට දෑනෙන්නේ කෞම්කඩෙයි මම නාඔද්නාඉමි ෙඅය් හෛස්ව් පවතාී,Bad
අද ගෙදරම හිටියා.,Normal
මම අවදි වන විට මට කතා කරන්න අවශ්ය පළමු පුද්ගලයා ඔබ වන අතර මට නින්දට යන්න පෙර මට දකින්න අවශ්ය අවසාන පුද්ගලයා වෙනවා,Bad
මගේ අම්මා මට කතා කරලා මට ආදරය දැනුණා,Happy
අද භූගෝල පාඩම සාමාන්යයි.,Normal
මම සිනමා ශාලාවට ගියා,Happy
අද කිසිම විශේෂ සිද්ධියක් වුණේ නෑ.,Normal
අද දවස ගැන කියන්න විශේෂයක් නෑ.,Normal
අපේ පොඩි දරුවාට ලැබුණු දෙයක් දැකලා අපි සතුටු වුණා,Happy
අඳුනන අයට message දෙක තුනක් දැම්මා.,Normal
මගේ සහෝදරියගේ විවාහ උත්සවයට ගියා සතුටුයි,Happy
ඒක නරක දෙයක් නෙවෙයි ඒක හොඳ දෙයක් නිසා මම සතුටු වුණා,Happy
මට තනිකම දැනෙනවා,Bad
කමක් නෑ මාව තනි කරන්න මට දැන් කාත් එක්කවත් කතා කරන්න ඕන නෑ,Bad
අපි හැමෝම වතුර වැටීම සඳහා ගොස් සෙල්ලම් කළෙමු,Happy
අපොයි,Bad
පියවරුන්ගේ දින තෑග්ගක් සඳහා මුදල් ඉතිරි කර ගන්න මට හැකි වුණා,Happy
අපි අපේ නගරයේ හදවත ලෙස හැඳින්වෙන ප්රදේශයේ නිවසක් මිලදී ගත්තා,Happy
අද දවසේ වැඩ ටික හරි ලෙස සිදු වුණා.,Normal
පාසල් යාලුවෝ එක්ක යාලුවෙකුගේ ගෙදරට ගිහින් බර්ගර් සහ දෝනට් කෑවා වීඩියෝ බලලා විනෝද වුණා,Happy
ඔබ මිය යන්න පෙර ඔබම තොප්පිය ආරම්භ කරන්න පෙර ඔබ මානසික අවපීඩනයට පත්වීමට පෙර ඔබ ඉන්න පුද්ගලයා ඔබටම මග හැරේ,Bad
මට බය දැනෙනවා,Bad
ඒක සෞඛ්ය සම්පන්න බැවින් මට ඒ සියල්ල බෝතලය තුළ තබා ගන්න ඉඩ දෙන්න,Bad
ඇයි ඔයා දුක් වෙන්නේ මම දන්නේ නැහැ තවත්,Bad
අද හවස ටිකක් නිදහස් කාලයක් තිබුණා.,Normal
වතුර වැඩිපුර බිව්වා.,Normal
මම ඒකෙන් වැඩිපුර සල්ලි ගන්නවා,Happy
මගේ මිතුරන්ට සමුගැනීමේ සාදයක් තිබුණා සතුටුයි,Happy
වචනාර්ථයෙන් කිසිවෙකු මා වෙනුවෙන් කිසිදා නොඉන්නු තියෙනවා,Bad
අද ගෙදර කෑම හදනවට ටිකක් උදව් කළා.,Normal
ගිය සතියේ මම කැමතිම සංගීත සාදයකට සහභාගි වුණා,Happy
හුදකලාව සමඟ තනිකම සුව කරන්න,Bad
මම ඉඩ නාස්ති කරන්නෙමි,Bad
මම මගේ සැමියා සමඟ රසවත් රාත්රී භෝජන සංග්රහයක් කැවෙනවා,Happy
මගේ දුව ඇගේ ක්රීඩා තරඟයෙන් පළමු තැනට ආවා,Happy
සමහර වෙලාවට වගේම සාමාන්යයි.,Normal
තවද ඔබට කිසිදාක ම මළවුන්ගෙන් නැවත ගෙන ඒමට නොහැකි වනු තියෙනවා,Bad
අද මගේ යාළුවෙක්ගේ බැචලර් පාටියකට ගියා සතුටුයි,Happy
වෙනදා වගේම දවසක්.,Normal
අද කවුරුත් එක්ක රණ්ඩුවක් වුණේ නෑ.,Normal
ගේ වටේ තියෙන දේවල් ටිකක් බලාගන්න මට අද වැඩ ඇරිලා ගෙදර ඉන්න වුණා,Happy
අද උදේ රෙදි සෝදාගත්තා ගෙදර සුවඳයි සතුටුයි,Happy
අද සිංහල පාඩම සාමාන්යයි.,Normal
අද ගෙදර වැඩ ටික ඉවර කළා.,Normal
අද පන්තියේ සාමාන්ය පාඩමක් තිබුණා.,Normal
අද ඉගෙනගත්තේ නිතර වගේමයි.,Normal
මම සම්පූර්ණයෙන්ම නිශ්ශබ්දව හෝ සම්පූර්ණයෙන්ම බෙදා හදා ගන්නවා,Bad
මම හොඳින් නෙවෙයි,Bad
අද හිත සන්සුන් තත්වයක.,Normal
අද මට වැඩ කරන්න පෞද්ගලික වැදගත්කමක් තියෙනවා මෝඩ තොප්පියක් පැළඳීමට මම තීරණය කලා,Happy
ඔබ දැන් නරක බව දැන ගැනීම සතුටක්,Bad
අද උදේ මම හොඳ ව්යායාමයක් කළා,Happy
සියදිවි නසාගන්නවා සෑම විටම ඔබේ හිසට හෝ තුවක්කුවක් එල්ලා නොගන්න,Bad
ඔබ මට කැමති වීමට මට කළ හැකි දේ මට දන්වන්න,Bad
හෑන්ඩ්මැඩ්ස් ටේල් එකේ ෆයිනල් එක බලලා සතුටු වුණා,Happy
මම කැමතිම හොකී කණ්ඩායම ඊයේ දිනුවා,Happy
නරකම දෙය නම් තනිව ඉන්න එක සම්පූර්ණයෙන්ම අමතක වී යාමෙන් මඟ හැරීම සඳහා රැවටිලිකාර ගොන් කතා වලට බොරුව භාවිත කිරීමයි,Bad
අද ICT පාඩම සාමාන්යයි.,Normal
තවත් රාත්රී කෙටි පණිවිඩ යැවීමේ අර්බුදයක්,Bad
මම අද රෑට පසුව ඔහු සමඟ ගැවසෙන ලෙස මා උනන්දු වූ පිරිමි ළමයෙකු මගෙන් ඉල්ලා හිටියා විට මට අද සතුටක් දැනුණා,Happy
අද ප්රධාන මටර්ග විවෘතව තිබුණා.,Normal
මම අද වැඩට යන්න කලින් ගෙවීම් ටික ගෙවලා දවස සූදානම් කරගත්තා,Happy
අද පාසල් ඉවර වෙලා ටිකක් දුර පයින් ගියා.,Normal
මගේ බල්ලා මම ඇයට ඉගැන්වීමට උත්සාහ කළා නව උපක්රමයක් ඉගෙන ගන්නා බව පෙනේ,Happy
මම නව වයින් වර්ගයක් අත්හදා බැලූ අතර ඒක ඉතා හොඳයි,Happy
උදේ කෑම කාලා වැඩට ගියා.,Normal
අද ලේඛන කටයුතු ඉවර කළා.,Normal
අලුත් වෝටර් හීටරයක් ගත්තා මට සතුටුයි,Happy
අද දවසේ වැඩ ටික සාමාන්යයි.,Normal
හැඟීමක් දැනී තත්පරයක් යටතේ ඒක යටපත් කරන්න,Bad
අද මගේ මනස සැහැල්ලුවෙන් හිටියා. ඒ නිසා දවස සතුටින් ගත වුණා,Happy
අද පොතක් කියවලා ටිකක් ඉඳලා හිටියා.,Normal
මගේ හිත රිදෙනවා,Bad
අද පන්තියේ කතා කරපු දේ සාමාන්යයි.,Normal
එබැවින් පෝෂණය කරන්න,Bad
අද උදේ ටිකක් ප්රමාදව ඇහැරුණා.,Normal
මම සිහින දකිනවා මම මැරෙනවා කියලා මගේ ජීවිතයේ කවදාවත් එතරම් සහනයක් දැනුණේ නැහැ,Bad
මම අද දහවල් මගේ සැමියා සමඟ ඇඳ මත නිදාගත් අතර ඇයට එතරම් සමීපව හුරතල් වීම මිහිරි වුනා,Happy
අනේ නෑ මම අවදියෙන්,Bad
මට අලුත් අත්දැකීමක් ලැබුණා ඒකෙන් මම සතුටු වුණා,Happy
අද උදේ අම්මත් එක්ක හිනාවෙලා විහිළු කරන එක මට සතුටක් ගෙනාවා,Happy
අද පන්තියේ කාලය ගෙවුණා.,Normal
අද විවේකයත් වැඩත් මිශ්ර දවසක්.,Normal
අද වැඩ කරන අතර කාලය ඉක්මනින් ගියා.,Normal
ඉදිරියට එන පරීක්ෂණයක් සඳහා මම මගේ සියලුම පොත් සම්පූර්ණ කළා,Happy
ඔබ නොවීමට හේතුව පැහැදිලි කරනවාට වඩා ඔබ හොඳින් ඉන්න බව පවසන්න,Bad
මම පාර පනිනකොට දෙපැත්ත බලනවා කියන එක නවත්තනවා මම කියන්නේ කවුද හරියන්නේ කියලා,Bad
අද වැඩිම වෙලාව පාඩම් වලට ගියා.,Normal
ඒක මගේ තේරුමක් නැහැ ගොන් කතාවක් වන අතර මට අවශ්ය නම් මම ඒ ගැන උමතු කරනවා,Bad
අද උදේ මගේ මහත්තයා මට කිව්වා ඔහු මට ආදරෙයි කියලා,Happy
මට අමතර පැයක නින්දක් ලබා ගන්න හැකි වුණා,Happy
මම මගේ අම්මා සහ සහෝදරිය සමඟ සෝකා සංගීතයට නැටුවා,Happy
මම මගේ සහෝදරියන්ට තෑගි ටිකක් ගෙනාවා ඒකෙන් ඔවුන් සතුටු වුණා,Happy
නවත්වන්න අං,Bad
මට ඒක පාලනය කළ නොහැක,Bad
රාත්රී ආහාරය සඳහා මගේ නැන්දම්මා බැලීමට ගියා සතුටුයි,Happy
notes ටිකක් අලුත් කරගත්තා.,Normal
උදේ සිට රෑ වෙනකල් සාමාන්ය දවසක්.,Normal
මගේ සැමියා සහ මටමා ඇයගේ නිවාඩු දිනයේ වෙළඳ සංකීර්ණයට ගිහින් කාලගුණය පරිපූර්ණ වුණා,Happy
අද පාඩම් ටික හොඳින් කරගත්තා.,Normal
පොරොන්දුව කඩ කරන්න අකාරුණික වනු තියෙනවා,Bad
මට ගරු කරනවා මම ඔයාට ගරු කරනවා මට අගෞරව කරනවා ඔයාට මගුලක්,Bad
අවසානයේ මට වට්ටම් කූපනයක් ලැබුණා ඒක භාවිත කරලා අවශ්ය බඩු මිලදී ගත්තා,Happy
උකුල ලබා ගන්න,Bad
මගේ ඉතා මිත්රශීලී නොවන බළලා වසර තුනකට පසු පළමු වතාවට මගේ උකුලේ වාඩි වී බල්ලන් ආඝ්රාණය කරන විට පවා එහි නැවතී හිටියේය,Happy
මගේ ප්රතිබිම්බයක් දකින සෑම විටම මට කැත සහ අවලස්සන බවක් දැනෙනවා,Bad
අද මොබයිල් එකෙන් ටිකක් වීඩියෝ බැලුවා.,Normal
අද break එකක් ගත්තා.,Normal
බර වුණත් සාමාන්යයි.,Normal
මට තනිකම දැනෙනවා,Bad
අද පාඩම් ටික කරා.,Normal
චිකිත්සාව හෙට ඒක බලාපොරොත්තු වෙනවා,Bad
අද tasks ටික කාලය තියෙනවාුළත ඉවර වුණා.,Normal
අද වැඩේට හුරු පුරුදු විදිහට ගියා.,Normal
ඔව්,Bad
මම මගේ බල්ලන්ව උද්යානයට ගෙන ගියා,Happy
කිසි විටෙකත් ප්රමාණවත් නොවන්න ජීවිත වැඩක්,Bad
ඔබ නොදැනුවත්වම ඔබ නැහැ විට පවා ඔබට තනිකමක් දැනෙන අතර සමහර විට ඔබ වැරැද්ද කුමක්ද කියලා නොදනී,Bad
අද tasks ටික ලිස්ට් කරලා ඉවර කළා.,Normal
ජරාව තේරුම් ගන්න ටයර් වැඩියි,Bad
පුංචි කතා හැම විටම මට සිදු වූ නරකම දේ වෙනවා,Bad
අද ටිකක් ලියලා හිටියා.,Normal
බත් ටිකක් කෑවා.,Normal
පාඩම් ටික කරලා නිදාගන්න යනවා.,Normal
ප්රියතම රූපවාහිනී වැඩසටහනක නව කතාංගයක් නැරඹීම,Happy
මම මෑතකදී මගේ මිතුරෙකුට නිෂ්පාදනය කර අවසන් කළ ගීතයක් ගැන මට හොඳ අදහස් කිහිපයක් ලැබුණා,Happy
මම හොඳින් නෙවෙයි,Bad
මට ඇත්තටම වැඩ කරන්න අවශ්ය සමාගම සමඟ මම සම්මුඛ පරීක්ෂණයකට ආපුයෙමි,Happy
අද උදේ පාසල් බස් එකට ගියා.,Normal
මට දැනුණා දැන් මට ට්වීට් කරන්න වෙනවා,Bad
ඇයි මම තවම මෙතන ඉන්නේ,Bad
අද reading ටිකක් කරලා හිටියා.,Normal
මගේ දුව ජර්මනියේ ජීවත් වන අතර ඇගේ රැකියාව සඳහා නිවසට ආපු නමුත් මා සහ පවුලේ සෙසු අය සමඟ නැවතී සිටී,Happy
එදා හොඳ දවසක් නිසා මම ඇවිදින්න ගියා,Happy
පැන්සල්/පෑන් සෙට් කරගත්තා.,Normal
ඊයේ රෑ අයාලේ ගිය පූසා අන්තිමට ගෙදර එන පාර හොයාගත්තා ඒකෙන් මට සතුටු හිතුණා,Happy
ජරාව දවස,Bad
මට ඊයේ අලුත් පන්ති කිහිපයක් තිබුණා ඒකෙන් මට සතුටු හිතුණා,Happy
අද පන්තියේ වැඩ ටිකක් තිබුණා.,Normal
මාසයකට පසු මම අලුතින් මිලදී ගත්ත රූපවාහිනිය ආවා. එහි පෙනුම හොඳයි ඒ නිසා මම එයට තියෙනවා්තෙන්ම කැමතියි,Happy
මගේ දුව සහ මම මගේ මුණුපුරා සමඟ ශාන්ත ලුයිස් හි ප්රධාන ලීග් බේස්බෝල් ක්රීඩාවකට සහභාගී වූ විට මම සතුටු වුණා,Happy
මගේ ස්වාමිපුරුෂයා මගේ ප්රියතම කෑමක් විශේෂයෙන් මා වෙනුවෙන් මිල දී ගත්තේ දිගු කාලයකට පසුවය,Happy
නැහැවෙලා කියලා හිතපු මගේ බල්ලාට හදපු පරණ සෙල්ලම් බඩුවක් හම්බුණා,Happy
අද ඔබ කියන්නේ හොඳ දවසක් නොවෙනවා,Bad
අද ගෙදර කතාබහ ටිකක් තිබුණා.,Normal
shop එකේ දේවල් සාමාන්යයි.,Normal
මම ක්රීඩා සමාජයට ගිහිං ධාවන ව්යායාම කළා. ඒ නිසා මට හරිම නැවුම් සතුටක් දැනුණා.,Happy
අද කාලගුණය සාමාන්ය මට්ටමේ තිබුණා.,Normal
සමාවෙන්න මම ඉන්නවා,Bad
මම මගේ සුළු දියණිය සමඟ රූපවාහිනී වැඩසටහනක් නැරඹුවෙනවා,Happy
සමහර විට මම දැනටමත් මගේ ජීවිතය අවසන් කර තිබිය යුතුය,Bad
මම මටම අලුත් ඇඳුමක් ගත්තා ඒකෙන් මට සතුටුයි,Happy
අද උදේම හොඳ විවේකයක් ලැබුණා සතුටුයි,Happy
මම කැමතියි කවුරුහරි මා වෙනුවෙන් ඉන්නවා නම්,Bad
මම මෑතකදී මගේ පෙම්වතිය සමඟ කතා කළ අතර ඇය මට ආදරය කරන බව පැවසුවාය,Happy
අසනීපයක් නිසා ඊයේ රෑ ව්යායාම ශාලාවට යන්න බැරි වුණත් මම ඒ ගැන සැනසුම් වුණා,Happy
මම ගැටලුව වෙනවා,Bad
ඔවුන් ඔබව තේරුම් ගත් බව මවාපායි,Bad
අද වැස්ස නිසා වටපිටාව හරිම ලස්සනයි,Happy
අද හිත සාමාන්ය තත්ත්වයේ.,Normal
මගේ රැකියාව දිවා ආහාරය ලබා දුන් අතර ඒක තියෙනවා්තෙන්ම හොඳයි,Happy
මගේ බිරිඳ මාව සිපගත්තා සතුටුයි,Happy
කඩා වැටේ,Bad
අද හවස වැස්ස පොඩ්ඩක් තිබුණා.,Normal
ගෙදර අයට කුඩා උදව්වක් කළා.,Normal
අද මට සතුටු හිතුණා,Happy
හොඳ නින්දක් ලැබීම,Happy
නින්ද නොයාම,Bad
අද වැඩ ටික කරලා ඉවරයි.,Normal
මෑත අධ්යයනයෙන් පෙන්නුම් කරන්නේ මම වෙහෙසට පත්ව ඉන්න බවයි,Bad
දවසේ වැඩ සාමාන්ය විදියට ඉවර කළා.,Normal
ගෙදර ආපු පස්සේ අත්පිටින් හෝදගත්තා.,Normal
කරුණාකර වේදනාව ඉවත් කරන්න,Bad
බෑග් එකේ පොත් හදාගත්තා.,Normal
නින්දට වැටෙද්දී වැස්සට ඇහුම්කන් දීමෙන් මට හොඳක් දැනුණා,Happy
වෙනදා වගේමයි.,Normal
හානියක් නොවන පරිදි මම සියල්ල අවසන් කරනවා,Bad
අද කාර්යාල කාලය සාමාන්යයි.,Normal
මෙතරම් ඉක්මනින් ඉවත්ව යන මිනිසුන් කිසි විටෙකත් රැඳී ඉන්න එකට අදහස් නොකරන අය වෙනවා,Bad
ඔවුන් කියනවා මගේ වේදනාව ඔවුන්ට තේරෙනවා නමුත් අවංකවම ඔවුන් ගණන් ගන්නේ නැහැ,Bad
මම ඔන්ලයින් ඕඩර් කරපු අලුත් ෆෝන් එක අන්තිමට ආවා,Happy
මට ඕන අයින් වෙන්න ඕන මගුල මෙතනින් අයින් කරන්න,Bad
අද සාමාන්ය කාලසටහනක් වගේමයි.,Normal
දියණිය සුභ උපන්දිනයක් පවසමින් හිටියා අතර ඇය අප්රේල් මාසයේදී මියගිය මගේ බිරිඳගේ උපන්දිනය වුණා,Happy
වෑගස් වල පවුල් පාටියකට ගිහින් අපි ගොඩක් සතුටු වුණා,Happy
මගේ බිල්පත් නියමිත වෙලාවට ගෙවා තියෙනවා,Happy
අද පන්තියේ seat එක වෙනස් වුණා.,Normal
අද රෑ වැඩේදි හිතවත් අය එක්ක හොඳින් වැඩ කළා සතුටුයි,Happy
ඔබ කොහොමද කියන ප්රශ්නයෙන් පලා යන්න,Bad
ඇයගෙන් ලැබුණු දුරකථන ඇමතුමක් අහලා මගේ දෙමටපියෝ කඳුළු සලමින් සතුටු වුණා. ඒක දැකලා මටත් ගොඩක් සතුටුයි,Happy
හොඳයි මම හිතන්නේ මම ටිකක් නිදාගන්නවා,Bad
අද මගේ හිත බරයි,Bad
මම මගේ පුතාගේ ව්යාපෘතිය කරන්න උදව් කළා,Happy
ඇයි මම තවම මෙතන ඉන්නේ,Bad
මගේ රෙදි සෝදන්න රෙදි සෝදන යන්ත්රයක් මිලදී ගත්තා,Happy
මම හොඳ කෝපි කෝප්පයක් ගත්තා,Happy
අද water bottle එක අරගෙන ගියා.,Normal
ලිංගිකව හැසිරෙන විට ඔබ හිතන්නේ මම ප්රමාණවත් කියලා ඔබ සිතනවාද,Bad
අද වැඩ කරන අතර කාලය ගෙවුණා.,Normal
අද දහවල් වොඞ්ඒ ට මගේ සැමියා හදිසියේම නිවාඩු සංචාරයක් සඳහා සැලසුම් කළා ඔහු මුළු ගමනටම ටිකට් පතක් වෙන්කර ගත්තා,Happy
මම මගේ ව්යාපාරයේ විකුණුම් කළා ඒකෙන් මට සතුටු හිතුණා,Happy
වැඩ ටික කරගෙන ඉවරවෙලා හිටියා.,Normal
මම මෙතන ඉන්නවා වගේ පෙනුනත් තියෙනවාුළෙන්ම මම කඩෙමින් ඉන්නවා,Bad
මම අලුත් පිස්තෝලයක් මිල දී ගෙන ඒක පරාසයට ගෙන ගියා,Happy
ගිය මාසයේ මට මගේ පැරණි පාසල් මිතුරන් මුණ ගැසෙයි,Happy
මගේ මුළු ජීවිත කාලයම මා විනිශ්චය කරනු ලබන්නේ මා නොසලකා හරින අය මා නොසලකා හරින අය ඔවුන් කිසි විටෙකත් මා හැර නොයන බවත් මා වඩාත්ම ආදරය කරන අය රිදවන බවත් පවසන අය විසිනි,Bad
අද ටිකක් ලිහිල් දවසක් වගේමයි.,Normal
අද මම සතුටින් හිටියා,Happy
මම වේගයෙන් ගිය ටිකට් එකකින් බැස්සේ අනතුරු ඇඟවීමක් පමණි,Happy
මගේ බාල දුව රෑ ඇවිදින්න උත්සාහ කළා ඒක දැකලා මට සතුටුයි,Happy
ප්රධාන ප්රශ්නය විසඳීම ගැන මම නිසා හැමෝම සතුටු වෙනවා,Happy
අද උදේ ටිකක් හුඟාක් වටිනවට දැනුණා.,Normal
ඔබට ඒක අත්විඳින තුරු ඒක දැනෙන්නේ කෙසේද කියලා ඔබ නොදනී,Bad
ඇය ඊර්ෂ්යා කරන්නේ ඇයට වඩා ලස්සන බුද්ධිමත් උස කෙට්ටු ලස්සන සන්සුන් ශක්තිමත් සහ හොඳ කෙනෙකු ඔබට හමුවනු තියෙනවා කියලා ඇය බිය වන බැවිනි,Bad
අද උදේ සාමාන්ය වෙලාවට ඇහැරුණා.,Normal
අද දවස සරලව ගෙවුණා.,Normal
අද teacher දුන්න homework එක note කරගත්තා.,Normal
ඔබ කාටවත් හොඳ නැහැ බවත් ඔබ කොතරම් උත්සාහ කළත් කිසිවක් නිවැරදිව කළ නොහැකි බවත් ඔබ දන්නා නිසා ඔබට කවදා හෝ ශාරීරිකව අසනීපයක් දැනෙනවාද,Bad
අද ලයිට් වැඩි වෙලාවක් තිබුණා.,Normal
අද වැඩ ටික සාමාන්ය මට්ටමේ තිබුණා.,Normal
මට පිටුපසට සම්බාහනයක් ලැබුණා,Happy
මගේ ඇස් දිහා බලලා මට කියන්න මම හොඳින් නමුත් මම නැහැ කියලා,Bad
චිකිත්සාව සෑම විටම මෙන් නරක ය,Bad
වසරකට පසු වාර්ෂික සමාලෝචනයෙන් මට වැටුප් වැඩිවීමක් ලැබුණා,Happy
අද උදේ පුරුදු ලෙස කාලය ආරම්භ කළා.,Normal
අද හිත සන්සුන්.,Normal
අද වැඩ ගොඩක් නෑ.,Normal
මාස තුනක් වයසැති මගේ පුතාට ඇයගේ නව ක්රියාකාරකම් සෙල්ලම් බඩුවක් සමඟ වාඩි වී සෙල්ලම් කරන්න මෙන්ම විවිධ විදුලි පහන් දැල්වෙන විට ප්රතිචාර දැක්වීමට හැකි වුණා,Happy
හැමදේම සාමාන්ය විදියට හොඳින් ගියා.,Normal
ඒක විශේෂ අවස්ථාවක් වුණා මම ගොඩක් සතුටු වුණා,Happy
කවුරුහරි ඇත්තටම ඔබ අසල ඉන්න කෙනෙකුට කොතරම් රිදවනවාද යන්න කිසිවෙකු දන්නේ නැහැ වීම කනගාටුවට කරුණකි,Bad
මම නොඉන්න එක ප්රාර්ථනා කරනවා,Bad
අද උදේ වැඩ ටිකක් හොඳට කරගත්තා.,Normal
මම මගේ සහෝදරියගේ විවාහයට ගියා මම මගේ පවුලේ සියලු සබඳතා මුණගැසුණා විවාහයේ බොහෝ විධිමත් කිරීම් මම කාර්යයෙන් බොහෝ සතුටක් ලැබුවා,Happy
මම කතාංගයක් නරඹමින් හිටියදී එක විහිළුවකට හොඳටම හිනා වුණා,Happy
අද දුම්රිය කාලසටහනට අනුව ධාවනය වුණා.,Normal
අද අමාරුත් නෑ සතුටුත් නෑ.,Normal
අද කාර්යාලයේ දවස සාමාන්යයි.,Normal
උදේ වැඩට ගිහිං සවස ගෙදර ආවා.,Normal
අද හෙටට meal plan එක හදාගත්තා.,Normal
මම මැරුණා නම් හොඳයි,Bad
මම මගේ යාළුවොත් එක්ක ජිම් එකට ගිහින් හොඳට ව්යායාම කළා,Happy
මම කල්පනා කරන්නේ මම ජීවත් වීමට හෝ මගේ නින්දේදී මිය යන්න යන්නේ කියලා හිතන සෑම දිනකම අවදි වන නරකම දෙය කුමක්ද,Bad
ඒක නැවත ආවාේවා,Bad
සමහර විට ඔහු මා දකින ආකාරයට මා දුටු නිසා ඔහු පිටව යයි,Bad
දවස පුරා ලොකු වෙනසක් තිබුණේ නෑ.,Normal
මම හැමෝගෙම ප්රශ්න හොඳින් විසඳගන්න එන කෙල්ල මම මේ කෙල්ලට ඇයගේම ප්රශ්න තියෙනවා මම ඇයලට පෙන්නුවෙනවා නැහැ උනාට,Bad
ඔයා ඇත්තටම හිතනවද මම හොඳින් කියලා,Bad
පුතා අද උදේ ඇවිත් මාව බදාගත්තා,Happy
අද උදේ ටිකක් ඉක්මනින් ගෙදරින් පිටවුණා.,Normal
මම මගේ ප්රවර්ධනය සහ මගේ අලුත් මෝටර් රථය සැමරීම සඳහා අවන්හලට යනවා ඇය මට හොඳ කාලයක් ලබා දෙනවා මගේ ජීවිතය සහ වෘත්තිය ගැන මට ලොකු සතුටක් දැනෙනවා ඇය මගේ ජීවිතයේ ඉතා ප්රසන්න මතකයක් මගේ වෘත්තීය ජීවිතය ගැන මට ගොඩක් සතුටුයි,Happy
අද විශේෂ දෙයක් නෑ.,Normal
අද කෑම පසුව කාලය ගියා.,Normal
මගේ බල්ලා සමඟ සෙල්ලම් කළා,Happy
කාලසටහන බලලා හෙටට සූදානම් වුණා.,Normal
මම හොස්පිට්ල් එකට ගියා,Happy
අද දවස නිතර වගේමයි.,Normal
කෑම ඉවර කරලා ටිකක් විවේක ගත්තා.,Normal
බිස්කට් දෙක තුනක් කෑවා.,Normal
මට අලුත් දුරකථනයක් ලැබුණා. ඒක විශේෂයි මොකද මට මෙතෙක් දුරකථනයක් නොතිබුණා,Happy
ටයරය මගේ පෞරුෂ විස්තරයේ කොටසක් පමණක් බව මට විශ්වාසයි,Bad
අද කුඩා සටහන් කිහිපයක් ලියාගත්තා.,Normal
ඊයේ රෑ බීමට විරුද්ධ වෙන්න මට පුළුවන් වුණා,Happy
අද හිතේ කිසිම අධික හැඟීමක් නැහැ.,Normal
මම සතුටු ගීතයක් ඇසුවෙනවා්ර්,Happy
මගේ වත්ත ප්රදේශය දක්වා වගා කරන්න මට හැකි වුණා,Happy
මිනිසුන් යම් දෙයකට සමූහගත කරන්න සහ එම දෙය ගැන යමක් පැවසීමට මිනිසුන් ප්රිය කරන අතර අනෙක් අය එයට ප්රතිචාර දැක්වීමට ප්රිය කරන අතර පසුව ප්රතිචාරයට ප්රතිචාර දැක්වීමට වැඩි පිරිසක් ප්රිය කරති,Bad
අද දවස පුරුදු විදියටමයි.,Normal
මම ඊයේ රෑ රූපවාහිනිය නරඹමින් මගේ බිරිඳ සමඟ කාලය ගත කළා,Happy
අද දවස ගැන විශේෂයක් කියන්න නෑ.,Normal
අද දවසේ විශේෂ දෙයක් සිද්ධ වුණේ නෑ.,Normal
බාලඅ සෛතින්ං නමඋත් හාඅණ්ඩ් කසිව්ක පඑමිණෙන්නේ නෙත්,Bad
මම වැඩ කරන සේවාදායකයෙකු සඳහා ධනාත්මක ප්රතිඵලයක් ලබා ගත්තා,Happy
අද වැඩ ටික කරලා සවස හිටියා.,Normal
අද දවස පුරුදු විදියටමයි.,Normal
මම හොඳින් නෙවෙයි,Bad
මට ගොඩක් දුකයි මම අනාරක්ෂිතයි මම ඊර්ෂ්යාවයි මම තනිකමයි මම ඕනෑවට වඩා ප්රතික්රියා කරනවා සහ මම වැරදි කරනවා නමුත් මම ඔබට සැමවිටම මගේ පක්ෂපාතිත්වය දෙන්නෙමි,Bad
34 එකක් නැහැ මම තනිකඩයි,Bad
ඒඅබැවින් නාඔස්ලකඅ හාඑරීම්ට භාවිත කරනං නමඋත් ඒඅය් සඑම් වෛත්නආචාරී වඒය් මඅ නාඔසිත්න කාලාස්ය වටඉන්නේ නතියෙනවා බව මට හඑඟේ,Bad
බෑග් එක හෙටට හදාගත්තා.,Normal
අද සංගීත පන්තිය සාමාන්යයි.,Normal
දින පෙම්ෙළි පිරිසිදු,Bad
බස් එකේ ගමන සාමාන්යයි.,Normal
හවස තේ බීලා ඉඳලා හිටියා.,Normal
මට බය දැනෙනවා,Bad
ඒක කනගාටුදායක නමුත් ඒක සත්යය වෙනවා,Bad
මුළු දවසම පාහේ මගේ මිණිබිරිය සමඟ ගත කළා,Happy
අද school bell එකෙන් පස්සේ ගියා.,Normal
මම උදේම නැගිටලා ගෙවත්ත පිරිසිදු කරගෙන වැඩ කරලා හොඳයි කියලා දැනුණා,Happy
අද ගෙදර ඉඳලා වැඩ ටික කළා.,Normal
මට හොඳ රාත්රී නින්දක් ලබා ගන්න හැකි වුණා,Happy
මරණය පිළිබඳ නිරන්තර සිතුවිලි,Bad
නව ගීතයක් අහලා බැලුවා.,Normal
ඒඅය් වුණා යෞතු නමා් ඒඅය් වුණා හඑකි හඅ වුණා හඑකි දඑ ගෙං අාව්ධාර්ණය නෞක්රනං,Bad
නවත්වන්න අං,Bad
මගේ පෙම්වතිය සති දෙකකින් මම ඇයව දැක නැහැ නිසා ගුවන් තොටුපළෙන් රැගෙන යනවා,Happy
මගේ මුළු පවුලම සමඟ රාත්රී භෝජන සංග්රහයක් සඳහා ගිහින් අපි කාලය සතුටින් ගත කළ අතර මොහොතකින් කාලය පියාසර කරන බවක් දැනෙනවා් සියලූම පවුලේ අය එකට එකතු වී විශිෂ්ට රාත්රී භෝජන සංග්රහයක් පැවැත්වූහ,Happy
අද හිතේ බරක් නෑ.,Normal
අද ටිකක් spelling practice කළා.,Normal
මම මගේ සහකරු හෝ සහකාරිය සමඟ චිත්රපටයක් නැරඹූ අතර ඇය මගේ රිදුණු දෙපා අතගෑවාය,Happy
ගමනේදී සංගීතය අහලා හිටියා.,Normal
අද මට හොඳ පුවතක් ලැබුණා ඒකෙන් මට ඉතා සතුටක් දැනුණා,Happy
අද practice questions කිහිපයක් කරලා බැලුවා.,Normal
අද දවසේදී වැඩි සෙල්ලම් නැහැ.,Normal
ඔබ හිතන තරම් යමෙකුට ඔබ වැදගත් නොවන බව ඔබට තේරෙන විට ඒක කනගාටුදායකය,Bad
ඔබේ මනසට ඇතුළු වන වඩාත්ම මානසික අවපීඩන සිතුවිලි රාත්රියේදී වෙනවා,Bad
අද විභාගයක් තිබුණේ නෑ.,Normal
අද වැඩ බෙදාහැරීම සාමාන්යයි.,Normal
මානසික බිඳවැටීමක් හෝ නින්දක් නැහැව ගෙදර වැඩ කරන්න මම හොඳ වෙනවාන් හිටියා,Happy
ඒක මගේ විද්යාලයේ වාර්ෂික උත්සවයක් වූ අතර ඒක සිත් ඇදගන්නාසුළු වෙනවාදිකා සංදර්ශන රාශියක් සහිත විශාල හා විශ්මය ජනක සිදුවීමක් වුණා,Happy
මට තවදුරටත් කිසිවෙකුට විවෘත වීමට අවශ්ය බවක් දැනෙන්නේ නැහැ,Bad
අද කාලය නිතර වගේම ගියා.,Normal
මම වෛද්යවරියක් ලෙස වැඩ කරනවා. මම ප්රධාන වෛද්ය නිලධාරී තනතුර සඳහා ඉල්ලුම් කර තිබුණා අද උදෑසන මට මේ තහවුරු කරන දැනුම්දීමේ ලිපිය ලැබුණා. මම ඉතා සතුටු වුණා ඔවුන් මගෙන් බලාපොරොත්තු වූ දේ සිහිපත් වුණා. මම හැමදාම දුන්නේ තේපල් මටර්ගයෙන්. මේ සිද්ධිය මතක් කළාටත් සතුටුයි.,Happy
මගේ සමාජ කනස්සල්ල සමාජයට නැවත ආවාීම සඳහා පුහුණු වන්න,Bad
මම අලුත් ඇඳුම් කිහිපයක් උත්සාහ කළා සතුටුයි,Happy
අද laundry ටිකක් කරා.,Normal
මිදි සහ බාබකියු පොප්චිප් මම හිතන්නේ එහෙමයි,Bad
මම සාප්පු සවාරි ගියා,Happy
මට ඔබබ්ව අාත්හැරීම්ට බඔහෝ හතියෙනවාු ඒඅත් නමඋත් මම තවමත සෛටීම්ට තාීර්ණය කරාමඉ ඔබබ්ට සෛටීම්ට බඔහෝ හතියෙනවාු ඒඅත් නමඋත් ඔබබ් අාත්හැරීම්ට තාීර්ණය කරයෛ,Bad
අවුරුද්දක් වතුර බොන්න අමතක කරන්න,Bad
අද කාර්යාලයට ආපු අය ගණන සාමාන්යයි.,Normal
මගේ ඔළුවෙනවා කටහඬ වැඩි වෙන්න,Bad
කෙල්ලෝ මොනවා කිව්වත් ඇත්තටම බලන්නේ ඔයාට මගුල් කියන්න,Bad
චිකිත්සාව හෙට තවත් සතියක්,Bad
මම මගේ ක්රෙඩිට් කාඩ් බිල ගෙව්වා,Happy
ඔබ යමෙකුට සැබවින්ම ආදරය කරන විට වයස් දුර උස බර සියල්ලම අංකය පමණක් වෙන්න ඕනය,Bad
අද වැඩ කරලා සාමාන්ය විදියටම හිටියා.,Normal
අද ගෙදර එන වෙලාවට traffic ටිකක් තිබුණා.,Normal
අද ගෙදර වැඩ ටික කරා.,Normal
මම ගොඩක් වටින්නේ නැහැ ඇයි මම ගෙදරින් යන්න කරදර කරන්නේ,Bad
අද උදේ මම මගේ දරුවා පාසලට ඇරලා දීලා උදේ ආහාරයත් හදා ගත්තා,Happy
උපදෙස් මට මේඩ් ඇප්ට් එකක් ඇවිල්ලා මොනවා කරන්නද මම කමක් නෑ නමුත් ඒක වෙන්න පුළුවන් මට ඉහළම ශල්යකර්මයක් තියෙනවා හෝ මම මගේ සහකරු බලන්න පටන් ගත්තා විතරයි එහෙමත් නැහැ්තම් වෙන්න පුළුවන් මම මගේ බෙහෙත් වෙනස් කරන්නද මෙතරම් කාලයක් මේ බෙහෙත් ගන්න මම ස්වයංක්රීය නියමු මත හිටියා,Bad
මම මගේ ප්රියතම චිකන් අල්ෆ්රෙඩෝ කෑවා,Happy
මිනිසුන් බලා ඉන්න විට මම වෛර කරනවා,Bad
ඒක මගේ මනසේ භයානක ය,Bad
පිරිමි ළමයෙක් උමං මටර්ග වෙනවාදිකාවෙනවා සුන්දර ගීතයක් ගායනා කළා,Happy
අද වැඩ කරලා සවස ගෙදර හිටියා.,Normal
පොත් පත් සකස් කළා.,Normal
අද කාලය ටිකක් මන්දගාමී වගේම ගියා.,Normal
අද දවසේ වැඩ ටික හොඳින් ගියා.,Normal
මට ජීවත් වීමට වේදනාව දැනිය යුතුය,Bad
අද යාලුවන් එක්ක ටිකක් හිනා වුණා.,Normal
යාළුවෙක් මාව අද දවල් කෑමට එක්කගෙන ගියා,Happy
අද යාලුවෝ එක්ක පොඩි කතාවක් තිබුණා.,Normal
මම හොඳින් නෙවෙයි,Bad
මම මගේ බළලුන් දින ත් කට පසු පළමු වරට දුටුවෙනවා,Happy
රඟහලට ගොස් මගේ පවුල සමඟ සතුටු වන්නා,Happy
කාලය ගෙවුණේ පාඩම් අතර.,Normal
මම මගේ මිතුරාගේ උපන්දින සාදයේදී බොහෝ සතුටක් ලැබුවෙනවා එම සාදයේදී මම විනෝද වූ බැවිනි,Happy
මම මිතුරෙකුට තෑග්ගක් දුන්නා ඔහු සතුටු වුණා ඒක දැක මමත් සතුටු වුණා,Happy
අද හිතේ විශේෂ හැඟීමක් නැහැ.,Normal
පොඩි game එකක් ටික වෙලාවක් ගැහුවා.,Normal
ගුවන්විදුලියෙන් පැරණි ගීත අහලා මට හොඳ මතක ආවා,Happy
මම රැකියාවෙනවාදී හඳුනා ගත්තා,Happy
අද වෙළඳපොළේ මිල ගණන් වෙනසක් නැහැ.,Normal
ඊයේ සති දෙකක් නැහැ මගේ පෙම්වතිය සමඟ කතා කරන්න ලැබුණු විට මම සතුටු වුණා,Happy
අද තැපෑලෙන් පැකේජයක් ලැබුණා සතුටුයි,Happy
මම මිතුරන් සමඟ පොඩ්කාස්ට් එකක සජීවී දර්ශනයකට ගියා,Happy
අදත් නිතර වගේ දවසක්.,Normal
අද චිත්ර පන්තිය සාමාන්යයි.,Normal
මම වඩාත් ආකර්ෂණීය වීමට කැමතියි,Happy
අද ගෙදර කෑම සාමාන්යයි.,Normal
නව රැකියාවක් සොයා ගන්නා්,Happy
අද හෙටට books ටික හදාගත්තා.,Normal
මම ඊයේ රෑ තරමක් කලින් නින්දට ගියාට මට අමතර නින්දක් අවශ්ය වූ අතර ඒක අද උදෑසන මට හොඳ හැඟීමක් තියෙනවා කළේය,Happy
අද හිතේ ලොකු බරක් නැහැ.,Normal
පසුගිය මාස ත් තුළ මා සතුටු කළ සිදුවීමක් වූයේ මම හමුවීමට යන්න කැමති ගැහැණු ළමයෙකු සමඟ හමුවීමට යාමයි,Happy
හුදකලා නමුත් මිනිසුන් සඳහා නොවෙනවා,Bad
අද teacher එක ප්රශ්න දෙක තුනක් අහලා තිබුණා.,Normal
මම මගේ පාසල් මිතුරන් හමු වී බොහෝ සතුටක් ලැබුවා,Happy
අවසන් පූර්ව වටයේ ක්රිකට් තරගය ඉන්දියාව ජයගත්තා සතුටුයි,Happy
මම මිතුරෙකු සමඟ රාත්රී භෝජන සංග්රහයට ගොස් සහයෝගීතාවයේ විශිෂ්ට සන්ධ්යාවක් භුක්ති විඳෙමි,Happy
මට මුණගැහුණේ මගේ පරණ යාළුවා දෙන්නම ඉගෙන ගන්න අවුරුදු විස්සකට කලින් එහි පසුව සබැඳියක් නැහැා අනපේක්ෂිත ලෙස මට ඇයව ගුවන් තොටුපළේදී මුණගැසුණා ඒක මට මහත් පුදුමයක් වුණා පස්සේ අපිට අපේ පුංචි කාලේ මතක් වුණා සහ වර්තමාන ජීවිතයා,Happy
අද කාලය වැඩවලින්ම ගෙවුණා.,Normal
මට බය දැනෙනවා,Bad
මටම නිදාගන්න අඬන්න,Bad
මම මිතුරෙකු සමඟ රාත්රී ආහාරය ගත්තා,Happy
මම රාත්රී ආහාරය පිළියෙළ කළ අතර මගේ සැමියා ඒක රසවත් කියලා කීවෙනවාය,Happy
මම ටයර් විතරයි,Bad
මට අවසානයේ රැකියා සම්මුඛ පරීක්ෂණයක් ලැබුණි,Happy
අද ගෙදර අය සියලුදෙනාම හිටියා.,Normal
අද පන්තිය සාමාන්ය ලෙස පැවැත්විණි.,Normal
අද කුඩා වැඩ දෙක තුනක් කරලා හිටියා.,Normal
අපේ ගෙදර ජල සම්බන්ධතාවය සකස් කරලා දැන් ලේසිව ජලය ලැබෙනවා ඒකෙන් මට සතුටුයි,Happy
මගේ සැමියා මගේ නාන කාමරය පින්තාරු කර අවසන් සති දෙක ඉදන් අවුල් උනාට ඊයේ රෑ තමා වැඩ ඇරිලා ගෙදර ආවට පස්සේ අන්තිම කෝට් එක දැම්මේ ඇය අවසානයේ නැවත ක්රියාකාරී නාන කාමරයක් වීම මට මහත් සතුටක් ගෙන දුන්නේය,Happy
අද මට වැඩි වුන උද්දීපනයක් නෑ.,Normal
මගේ දුව විභාගයෙන් හොඳ ලකුණු ගත්තම මම ගොඩක් සතුටු වුණා,Happy
මගේ පාසලේ පළමු දිනයේ සිට මම ඉතා උද්යෝගිමත් හා සතුටින් හිටියෙමි,Happy
මට ස්වයං කඩාකප්පල්කාරී වුණා නොහැක,Bad
සෙනසුරාදා විශාල ප්රජා අංගනයක් විකිණීමක් තියෙනවා බව මම දැන හිටියෙමි,Happy
මම හැමදාම කොච්චර අඬනවාද කියලා කවුරුත් දන්නේ නැහැ,Bad
මම දුවව ඉස්කෝලෙන් අරන් ආවා ඇය මාව දැකීමෙන් ගොඩක් සතුටු වුණා,Happy
ගොඩක් දේවල් වුණේ නෑ.,Normal
අද සංගීතය ටිකක් අහලා හිටියා.,Normal
අද අයියාට ටිකක් උදව් කළා.,Normal
මගේ ජීවිතයේ අද දවස මට විශේෂයි සතුටුයි,Happy
මට අධික ලෙස දැනෙන අතර මම ජරාවක් නොකරනවා,Bad
මට මගේ ජීවිතයට අවශ්ය වන්නේ මා ඔවුන් ගැන සැලකිලිමත් වන තරමටම මා ගැන සැලකිලිමත් වන කෙනෙකුව අවශ්ය වන බැවිනි,Bad
අද පවුලේ අය අතර විශේෂ සිද්ධියක් නැහැ.,Normal
මට මෙහෙම දැනෙන්න එපා කියලා ප්රාර්ථනා කරනවා,Bad
අද වැඩ පැය නිතර වගේමයි.,Normal
මම හොඳින් ඉන්නවා කියන්න ඕනේ නැහැ එකම තැන වෙන්න මොකද මෙතන ඉන්න හැමෝම දන්නවා ඔයා එහෙම වෙන්නේ නැහැ කියලා,Bad
සමහර විට ඔබට බොහෝ දේ සිතීම නතර කර ඔබේ හදවත ඔබව ගෙන යන තැනට යා යුතුය,Bad
මම ඔබ සමඟ කෙටි බවක් පෙනුනහොත් හෝ කෙටි පණිවිඩයක් නැහැ විට මට කම්මැලි වීමට කැමති නම් මට ඔබ සමඟ කතා කරන්න අවශ්ය නැහැ,Bad
කරුණාකර යන්න යන්න මට අද ප්රමාණවත්ය,Bad
අද මගේ හිත බරයි,Bad
මම ඇත්තටම රස විඳින රූපවාහිනී වැඩසටහනක් බලන්න ලැබුණා,Happy
පැණි ජූස් එකක් බීලා හිටියා.,Normal
ගෙදර වැඩ වලට පැයක් දෙකක් වැය වුණා.,Normal
මගේ සහකරුවා අද උදේ මාව ලොකු බදාගත්තා මට සතුටු හිතුණා,Happy
අද මිතුරෙකුගෙන් පොතක් ඉල්ලගත්තා.,Normal
මම මගේ හොඳම මිතුරා සමඟ සිනහවක් බෙදා ගත්තා,Happy
මම කොහොමද ඉන්නේ කියලා මගෙන් අහන්න එපා,Bad
මම ස්වභාවිකවම මංමුලා සහගතයි,Bad
ඉතින් අදත් සාමාන්ය දවසක්.,Normal
අද උදේ කුඩා සැලසුමක් තිබුණා.,Normal
මගේ දුව මට කිව්වා ඇය මට ආදරෙයි කියලා සතුටුයි,Happy
ඇනරැක්සිය අවපීඩනය මත්ද්රව්ය භාවිතය සහ සෞඛ්ය පන්තියේ සියදිවි නසා ගැනීම ගැන කතා කිරීම මා මහතා කැත බවත් මා මෙහි නොහිටිය යුතු බවත් මට අවබෝධ කරවයි,Bad
හැමදාම වගේ කැතයි,Bad
අපට අත්හැරීමට අවශ්ය වූ විට ඉදිරියට යන්න අපට ධෛර්යය ලබා දෙන්නේ කුමක්ද ඒක අප අවට ඉන්න මිනිසුන් වෙන්න ඕනය මෙය මතක් කිරීමකි ධෛර්යය බාහිර බව දැන ගැනීම යමෙකුට අපගේ පිටුපස තියෙනවා බව දැනගත නොහැකි බව පෙනෙන පරිදි අපව පසුකර යන්න ප්රමාණවත් ඩි,Happy
සමහර විට නිහඬ මිනිසුන්ට කීමට බොහෝ දේ තියෙනවාත් ඔවුන් කිසිවෙකුට විවෘත නොවෙනවා,Bad
මගේ සේවායෝජකයාගේ නව රැකියා අවස්ථාවක් ගැන නැවත ඇසීම මා සතුටට පත් කළේය,Happy
අද දවස පුරා ලොකු වෙනසක් නෑ.,Normal
අද තාත්තා ගෙදර ආවා අම්මට උදව් කළා ඒකෙන් මට ගොඩක් සතුටු හිතුණා,Happy
මට තනිකම දැනෙනවා,Bad
මගේ පුතා අහම්බෙන් අම්මේ මම ඔයාට ආදරෙයි කියලා මාව බදාගත්තා,Happy
පසුතැවිල්ලෙන් ඉහළයි,Bad
උදේ ඇඳුම් අඳිලා සූදානම් වුණා.,Normal
අද සවස පොඩි විවේකයක් ගත්තා.,Normal
පාස්කු ප්රාතිහාර්යය ඔබේ හදවතේ සදහටම බැබලේවා,Bad
අද ටිකක් music එක අහලා relax වුණා.,Normal
මගේ හැඟීම් ලියලා සාරාංශ කළාම මට හොඳ සැහැල්ලුවක් දැනුණා. ඒ නිසා දවස සතුටින් ගත වුණා,Happy
මට බය දැනෙනවා,Bad
අද පාඩම් කරන වෙලාව ටිකක් කාලයක් ගත්තා.,Normal
මට සාමාන්ය වෙන්න බැරි ඇයි වගේ,Bad
මට ගොඩක් මගුලක් තියෙනවා,Bad
සතියක් තිස්සේ කරපු විශාල ව්යාපෘතියක් අද අවසන් කළා සතුටුයි,Happy
ඇයි මම තවමත් ජීවතුන් අතර,Bad
මම දවස සඳහා මගේ සියලු කාර්යයන් ඉටු කළ අතර විවේක ගන්න විවේකයක් ලබා ගත්තා,Happy
අද පොඩි වැඩ ටිකක් කරගත්තා.,Normal
මම කාර් එකට අලුත් ටයර් ටිකක් ගත්තා සතුටුයි,Happy
අද වැඩ ටිකක් පිරිසිදුව කරා.,Normal
අද කාලය අඩු වුණා වගේමයි.,Normal
අද උදේ දවස හොඳින් ආරම්භ වුණා.,Normal
නිතරම මගේ හිත තියෙනවාුළේ හිර වෙනවා,Bad
මම අල්ලපු ගෙදර මිනිහට වෛර කරනවා,Bad
මගේ පළමු වැටුපෙන් නංගිට ඇඳුම් සහ සෙල්ලම් බඩු තෑගි කළා,Happy
මම කොහේ හරි යන්න ලෑස්ති වෙද්දී අම්මා කතා කරන එකෙන් මට සතුටුයි,Happy
අද පාසලට යන වෙලාව ටිකක් හොඳට ගියා.,Normal
මට දිගටම යන්න හේතුවක් නැහැ,Bad
මගේ ළමයි රණ්ඩු නොවී එකට සෙල්ලම් කරනවා මම බලාගෙන හිටියා,Happy
මගේ අපේක්ෂිත රැකියා කාර්යය අදම සම්පූර්ණ කරන්නා,Happy
ඔබ හොඳ පොතක් අවසන් කර ඔබ ඒක ඔබේ උකුල මත තබා මිනිත්තු කිහිපයක් අභ්යවකාශයට ගෙන යන විට ඔබ ඔබම එකතු කර යථාර්ථයට ආපසු යා යුතු බැවිනි,Happy
ඔබ වැදගත් නොවන විට ඔවුන් ඔබව නොසලකා හරින නමුත් ඔබ ඉන්න විට ඔවුන් ඔබව සදහටම හඳුනන අය මෙන් ක්රියා කරයි,Bad
සෑම රාත්රියකම මම හිතන්නේ මා කළ සියලු වැරදි ගැන සහ මගේ ජීවිතය වෙනස් වුණා හැකි නිසා එම තීරණ ගැනීම ගැන මම කොතරම් කනගාටු වෙනවාද යන්න ගැන,Bad
පසුගිය මාස කිහිපය තුළ මා ඉතිරි කර ගත් දේවල් ඇණවුම් කරන්න මට අවසානයේ හැකි වුණා,Happy
මම අද සතුටෙන් ඉන්නේ,Happy
මම සතුටෙන් ඉන්නවා,Happy
අද මම සතුටෙන් හිටියා,Happy
මම ඇත්තටම සතුටෙන් ඉන්නවා,Happy
මම ගොඩක් සතුටෙන් ඉන්නේ,Happy
අද මම සතුටෙන්,Happy
මගේ හිත සතුටෙන්,Happy
හිත සතුටෙන් ඉන්නවා,Happy
සතුටෙන් ඉන්න පුළුවන්,Happy
මම විරුද්ධභාසයක් වෙනවා මම සතුටු නොවෙනවා දුක නොවෙනවා මම ලස්සන දේවල් වලට සිනාසෙමි හාස්යජනක දේවල් වලට සිනහ නොවෙනවා නමුත් රෑ වන විට මම හැඟීම් සහ සිතුවිලි වල අවුල් ජාලයක් බවට පත් වෙනවා,Bad
අද හවස පොඩි වටයක් ගියා.,Normal
හිතේ ප්‍රශ්නයක් නෑ,Normal
අද සාමාන්‍ය දවසක්,Normal
හිත නිකන් ඉන්නවා,Normal
විශේෂ හැඟීමක් නෑ,Normal
සාමාන්‍ය ලෙස ඉන්නවා,Normal
හිත සන්සුන්,Normal
අද ඔහේ ගියා,Normal
නිකන් ගෙදර හිටියා,Normal
හිත සරලයි,Normal
අද වෙනසක් නෑ,Normal
සාමාන්‍ය හැඟීමක්,Normal
අද නිකන්,Normal
හිතේ අවුලක් නෑ,Normal
මට විශේෂ දෙයක් දැනුනේ නෑ,Normal
මම මගේ පවුල සඳහා සම්පූර්ණ උදෑසන ආහාරය පිසුවෙනවා,Happy
අහෝ සිසිල් සමාජය තවමත් ගොරෝසු වේවා,Bad
ඊයේ රෑ මගේ පෙම්වතිය එක්ක හුරතල් වෙනවා,Happy
අද ගුරුවරයාගේ පාඩම තේරුණා.,Normal
අද මම නියමිත වෙලාවට වැඩ කර මගේ ලොක්කාගේ අත්පොලසන් ලැබුවා,Happy
අද කාලය වැඩ අතර ගෙවුණා.,Normal
මගේ ස්වාමිපුරුෂයා මට ලස්සන ඇඳුමක් අරන් දුන්නා මට සතුටු හිතුණා,Happy
අද හිතේ අධික සතුටක්ත් නැහැ.,Normal
මම අලුත් කාර් පෝච් එකක් හැදුවා,Happy
හිතේ විශේෂ දෙයක් නෑ.,Normal
මට බය දැනෙනවා,Bad
අද උදේ සිට සවස වෙනකල් කාලය ගියා.,Normal
පසුගිය මාසයේ මම මාව හමුවීමට ගියා ඒ හමුවීම මට සතුටු දැනුණා,Happy
මම රැකියාවෙනවාදී මගේ ඉලක්කයට ළඟා වුණා,Happy
අද පන්තියේ notebook එක අරගෙන ගියා.,Normal
මට අවශ්ය ඉතිරි චිත්රපට මම නැරඹුවෙනවා,Happy
මම ගොඩක් කාලෙක ඉඳන් ඔන්ලයින් ගන්න හිතාගෙන හිටපු භාණ්ඩයක් අද ලැබුණා සතුටුයි,Happy
අද හිතුවේ නැති විදියට මට කොළඹ යන්න වුනා එත් වැඩිය මට විශේෂ වුනේ නෑ,Normal
අද හිතුවේ නැති දෙයක් වුනා ඒත් විශේෂ නෑ,Normal
අද වෙනස් දෙයක් වුනා එත් හිතට විශේෂ දෙයක් දැනුනේ නෑ,Normal
අද යන්න වුනා එත් වැඩිය වැදගත් නෑ,Normal
අද කොළඹ ගියා එත් විශේෂ එකක් නෑ,Normal
අද මාර්කට් ගියා එත් හිතට විශේෂ දෙයක් දැනුනේ නෑ,Normal
හිතුවේ නැති දෙයක් වුනා එත් සතුටක් නෑ,Normal
වෙනස් දෙයක් වුනා එත් විශේෂ දෙයක් දැනුනේ නෑ,Normal
අද යන්න වුනා එත් හිතට වෙනසක් නෑ,Normal
අද ගියා එත් මට විශේෂ වුනේ නෑ,Normal
වැඩ කළා එත් විශේෂ හැඟීමක් නෑ,Normal
අද කරදරයක් නෑ සතුටක්වත් නෑ,Normal
හිතට විශේෂ හැඟීමක් නෑ,Normal
අද දවස සරලයි,Normal
විශේෂ දෙයක් වුනේ නෑ,Normal
වෙනස් දෙයක් නෑ අද,Normal
හිතට වෙනසක් දැනුනේ නෑ,Normal
අද ඔහේ ගියා විශේෂ නෑ,Normal
සාමාන්‍ය දවසක්,Normal
හිත නිකන්ම ඉන්නවා,Normal
අද එත් වැඩිය හොඳ නෑ,Bad
හිතට අමාරුයි එත් කවුරුවත් තේරුම් ගන්නේ නෑ,Bad
අද වැඩ කළා එත් හිතට බරයි,Bad
අද යන්න වුනා එත් හිතට අමාරුයි,Bad
දවසක් ගියා එත් මට සතුටක් නෑ,Bad
එත් හිතට දුකයි,Bad
අද එත් වැඩිය අමාරුයි,Bad
හිතට බරයි එත් කියන්න කෙනෙක් නෑ,Bad
අද එත් හිතට සතුටක් නෑ,Bad
වැඩ කළා එත් හිතට කලකිරිලා,Bad
නිතුවට නැති දෙයක් වුනා එත් හිතට සතුටක් දැනෙනවා,Happy
අද වෙනස් දෙයක් වුනා හිතට හොඳයි,Happy
අද යන්න වුනා එත් හිතට සතුටක්,Happy
වෙනස් දෙයක් වුනා හිතට සතුටුයි,Happy
අද වැඩ කළා එත් හිතට සතුටක් තියෙනවා,Happy
නිතුවට නැති දෙයක් වුනා ගොඩක් සතුටුයි,Happy
අද කොළඹ ගියා හරිම සතුටක්,Happy
අද යන්න වුනා හිතට සතුටක්,Happy
වැඩ කළා එත් හිතට හොඳ හැඟීමක් තියෙනවා,Happy
අද එත් හරිම සතුටුයි,Happy
මම මගේ නේවාසික මිතුරා වන රයන් සමඟ අපේ මහල් නිවාසයට නැඟෙනහිර දෙසින් නව මාවතක බයිසිකල් පැදීමක් ගියා,Happy
මගේ හිත රිදෙනවා,Bad
මක්නිසාද දෙවුණාන් වහන්සේට තියෙනවා ආදරය නිසා යමෙකුට මාව මගේ ශරීරයෙන් ඉවත් කළ හැකිය,Bad
අද වටපිටාව ටිකක් සීතල වගේමයි.,Normal
කවදා හරි තනියම දැනුණා නම් ඔයාට මැරෙන්නත් පුළුවන්,Bad
අද ඉංග්රීසි පාඩම සාමාන්යයි.,Normal
මම කැමතියි මට සාමාන්ය ජීවිතයක් ගත කරන්න පුළුවන් නම්,Bad
අද පුවත්පත් වල විශේෂ පුවතක් නෑ.,Normal
අද පාඩම් අහලා ගෙදර ආවා.,Normal
මගේ හිත රිදෙනවා,Bad
මගේ දරුවා අපූරු පින්තූරයක් අඳින්න සහ පින්තාරු කර අපි ඒක ෆේස්බුක් වෙත උඩුගත කරමු මට ඒ ගැන සතුටක් දැනෙනවා,Happy
ඔබ තවමත් හිතන්නේ ඒක විහිළුවක් බවයි,Bad
මම ඔයාට ආදරෙයි කියලා කියන්න තීරණය කළා,Happy
අද නිදාගත්තේ නියම වෙලාවට.,Normal
පෙළ මතද සමාජ දුරස්ථභාවය ආරම්භ කරන්න සිදුවෙනවා,Bad
ඵලදායී වීමට මගේ මේසය සකස් කරලා වැඩ කලා,Happy
අද වැඩ ටික ඉවර කරලා content හිටියා.,Normal
මට බය දැනෙනවා,Bad
මම අවධානය ලබා ගන්න ප්රිය කරන අතර අවධානය ගන්න එක ගැන මා තැකීමක් නොකරන ලෙස මවාපානවා,Bad
අද පාසලේ කාලය ටිකක් ඉක්මනින් ගියා.,Normal
මට පළමු වැටුප ලැබුණු දවස මට අදත් මතකයි ඒක සතුටුදායකයි,Happy
සමහර විට මට නිදා ගන්න අවශ්ය කියලා හැඟෙන අතර මගේ සියලු ගැටලු අමතක කරන්න,Bad
අද පයින් යන වෙලාව සාමාන්යයි.,Normal
අද ජනතාවගේ දෛනික කටයුතු සාමාන්යයි.,Normal
අද extra class එකක් නෑ.,Normal
අද ගෙදර දවස සාමාන්යයි.,Normal
මම උාඥාව්න පඅස්ල සතෛය් පෞරම් වාසඅ තබන බව මට කාීව නමඋත් ගෞරව්රෞන්ට් තවමත වඇටුප් ගෙව්නාෟ ොත්,Happy
හෙට පාසලට ගන්න දේවල් ලිස්ට් කළා.,Normal
හිතට හොඳයි,Happy
හිතට සතුටක් තියෙනවා,Happy
හරි හොඳට දැනෙනවා,Happy
මට සතුටක් දැනුනා,Happy
හිතට හරිම සතුටක්,Happy
අද හරිම සතුටින් හිටියා,Happy
සතුටින් ඉන්නවා,Happy
හරිම හොඳ දවසක් හිටියා,Happy
මට හරිම සතුටුයි,Happy
හිතට සාමාන්‍යයි,Normal
නිකන් ඉන්නවා,Normal
හිත සාමාන්‍ය විදියට,Normal
විශේෂ හැඟීමක් නෑ,Normal
හිත නිකන්,Normal
සාමාන්‍ය ලෙස ඉන්නවා,Normal
හරි සාමාන්‍යයි,Normal
හිතට වෙනසක් නෑ,Normal
එහෙම එහෙමයි,Normal
හිතට අමාරුයි,Bad
හිතට බරයි,Bad
මට දුකයි,Bad
හිතට හොඳ නෑ,Bad
අමාරු දවසක් හිටියා,Bad
හිතට ගොඩක් අමාරුයි,Bad
මට හොඳ නෑ,Bad
හිතට කලකිරිලා,Bad
දුක දැනෙනවා,Bad
හිත අඬන්න වගේ,Bad
ඔව් ගුරුතුමා මට හොඳ අංක දුන්නා,Happy
ඔව් ප්‍රශංසා කළා මගේ වැඩේ,Happy
ඔව් යාළුවෝ එක්ක ගොඩක් සෙල්ලම් කළා,Happy
ඔව් ක්‍රීඩා තරගයෙන් දිනුවා,Happy
ඔව් මගේ උපන්දිනය හින්දා හැමෝම කේක් කෑවා,Happy
ඔව් විශේෂයි ටීචර් මට තෑග්ගක් දුන්නා,Happy
ඔව් මගේ යාළුවා ආපු එක සතුටක්,Happy
ඔව් ගණිතේ පරීක්ෂණයට හොඳට කළා,Happy
ඔව් නව යාළුවෙක් හම්බ වුණා,Happy
ඔව් පන්තියේ වැඩේ හොඳට කළා,Happy
නෑ විශේෂ දෙයක් වුණේ නෑ,Normal
නෑ සාමාන්‍ය දවසක්,Normal
නෑ ඔහේ පන්ති ගියා,Normal
නෑ වැඩියක් වුණේ නෑ,Normal
නෑ අද එහෙම විශේෂ දෙයක් නෑ,Normal
නෑ නිකන් පන්ති තිබුණා විතරයි,Normal
නෑ හැමදාම වගේමයි,Normal
නෑ විශේෂයක් නෑ,Normal
නෑ සාමාන්‍ය පන්ති තිබුණා,Normal
නෑ නිකන් පන්ති ගියා ආවා,Normal
ඔව් යාළුවෙක් එක්ක රණ්ඩු වුණා,Bad
ඔව් ටීචර් කෑගැසුවා මට,Bad
ඔව් මගේ වැඩේ වැරදුනා,Bad
ඔව් යාළුවෝ මාව දාලා ගියා,Bad
ඔව් පරීක්ෂණය අමාරු වුණා,Bad
ඔව් හොඳට කරන්න බැරි වුණා,Bad
ඔව් අමාරු දෙයක් වුණා,Bad
ඔව් මට දඬුවමක් දුන්නා,Bad
ඔව් අහක බැනුවා,Bad
ඔව් මගේ මිතුරා කෝප වුණා,Bad
නෑ කවුරුත් මට කිසිම දෙයක් කිව්වේ නෑ,Normal
නෑ අවුලක් වුණේ නෑ,Normal
නෑ හැමෝම හොඳින් හිටියා,Normal
නෑ ප්‍රශ්නයක් වුණේ නෑ,Normal
නෑ සාමාන්‍යයි හැමෝම,Normal
නෑ කිසිම අවුලක් නෑ,Normal
නෑ හරි හොඳින් හිටියා,Normal
නෑ කවුරුත් එක්ක ප්‍රශ්නයක් නෑ,Normal
නෑ හැමෝම සාමාන්‍ය විදියට හිටියා,Normal
නෑ හොඳ දවසක් හිටියා,Normal
ඔව් යාළුවෙක් මට නරක දෙයක් කිව්වා,Bad
ඔව් රණ්ඩු වුණා,Bad
ඔව් යාළුවෝ මට හිනා වුණා,Bad
ඔව් කෙනෙක් මාව තල්ලු කළා,Bad
ඔව් මට අමාරු කළා,Bad
ඔව් අහක බැන්නා,Bad
ඔව් මගේ යාළුවා අමාරු කළා,Bad
ඔව් ප්‍රශ්නයක් වුණා,Bad
ඔව් කෙනෙක් මට නරකයි කිව්වා,Bad
ඔව් රණ්ඩු වුණා යාළුවෝ එක්ක,Bad
ඔව් ටීචර් මගේ ප්‍රශංසා කළ එක,Happy
ඔව් යාළුවෝ මගේ වැඩේ පැසසුවා,Happy
ඔව් මට හොඳ දෙයක් කිව්වා,Happy
ඔව් යාළුවෝ එක්ක හොඳින් සෙල්ලම් කළා,Happy
ඔව් හොඳ දෙයක් කිව්වා මට,Happy
නෑ අමතක කරන්න දෙයක් නෑ,Normal
නෑ හැමදේම හොඳයි,Normal
නෑ හිතේ තියාගන්න දෙයක් නෑ,Normal
නෑ අමතක කරන්න දෙයක් වුණේ නෑ,Normal
නෑ හැමදේම සාමාන්‍ය විදියට ගියා,Normal
ඔව් රණ්ඩු වුණ එක අමතක කරන්න ඕනෑ,Bad
ඔව් බැන්න එක අමතක කරන්න හිතෙනවා,Bad
ඔව් අමාරු වුණ එක අමතක කරන්න කැමතියි,Bad
ඔව් අමතක කරන්න දෙයක් තියෙනවා,Bad
ඔව් නරක දවසක් අමතක කරන්න ඕනෑ,Bad
ඔව් දුක වුණ එක අමතක කරන්න කැමතියි,Bad
ඔව් අමාරු වුණ දේවල් අමතක කරන්න හිතෙනවා,Bad
ඔව් ටීචර් කෑගැහුව එක අමතක කරන්න ඕනෑ,Bad
ඔව් යාළුවෝ එක්ක වුණ ප්‍රශ්නය අමතක කරන්න කැමතියි,Bad
ඔව් අද වුණ නරක දේ අමතක කරන්න හිතෙනවා,Bad
නෑ නෑ හොඳ දවසක් හිටියා,Happy
නෑ නෑ අමතක කරන්න දෙයක් නෑ හොඳයි,Happy
නෑ නෑ හැමදේම හොඳට වුණා,Happy
හිතට ලොකු වෙනසක් නෑ,Normal
දැන් හිත සාමාන්‍යයි,Normal
විශේෂ දෙයක් දැනුනේ නෑ,Normal
හිතට කිසිම විශේෂ හැඟීමක් නෑ,Normal
හරිම සතුටක්වත් නෑ දුකක්වත් නෑ,Normal
දැන් හිත සරලයි,Normal
මට හරි සාමාන්‍ය ලෙසයි දැනෙන්නේ,Normal
හිතේ කිසිම බරක් නෑ,Normal
හිතේ කිසිම ප්‍රශ්නයක් නෑ,Normal
දැන් මට නිකන්ම ඉන්න වගේයි,Normal
කනගාටුයි කියලා හිතෙන්නෙත් නෑ,Normal
සතුටුයි කියලා හිතෙන්නෙත් නෑ,Normal
අද හිත සන්සුන්,Normal
මට නිකන්ම ඉන්න වගේ දැනෙනවා,Normal
මගේ හිත සාමාන්‍යයි,Normal
ඔහේ ඉන්නවා ,Normal
විශේෂ දෙයක් නෑ,Normal
හිතට හරිම බරයි,Bad
මට ගොඩක් කනගාටුයි,Bad
හිත හරිම බිඳිලා වගේ,Bad
මට කිසිම දෙයක් කරන්න හිත නෑ,Bad
මට හරිම දුකයි,Bad
හිත හරිම අවුල් වෙලා,Bad
මට ඉන්නත් අමාරුයි,Bad
මගේ හිත හරිම බරයි,Bad
ඔව් අද ටිකක් අමාරු දවසක්,Bad
හිතට හරිම සතුටුයි,Happy
මට ගොඩක් සතුටුයි,Happy
අද හරිම සතුටුයි,Happy
මට හරිම හොඳට දැනෙනවා,Happy
හිතට සතුටක් දැනෙනවා,Happy
මට ගොඩක් සතුටක් තියෙනවා,Happy
හිත හරිම සරලයි සතුටින්,Happy
මට හරිම සතුටක් දැනෙනවා,Happy
අද හිත සතුටින්,Happy
මට හරිම සතුටුයි කියලා දැනෙනවා,Happy
නැහැ අද හොඳ දවසක්,Happy
නෑ නෑ අද හොඳ දවසක්,Happy
නෑ නෑ මට හොඳයි අද,Happy
නෑ නෑ අවුලක් නෑ සතුටුයි,Happy
නෑ නෑ මං සතුටින් ඉන්නෙ,Happy
නෑ නෑ අද නම් ගොඩක් හොඳයි,Happy
නෑ නෑ ප්‍රශ්නයක් නෑ අද හරිම හොඳයි,Happy
නෑ නෑ විශේෂ දෙයක් නෑ,Normal
නෑ නෑ සාමාන්‍යයි,Normal
නෑ නෑ අදත් එහෙමමයි,Normal
නෑ නෑ කිසිම වෙනසක් නෑ,Normal
නෑ අද හොඳ නෑ,Bad
නෑ නෑ මට හොඳ නෑ,Bad
නෑ නෑ හිතට අමාරුයි,Bad
මට සතුටෙන් ඉන්න පුළුවන් වුණා,Happy
අද දවස හරිම සතුටක්,Happy
මම ඇත්තටම හරිම සතුටුයි,Happy
මට ගොඩක් හොඳයි,Happy
අද මට හරිම හොඳයි,Happy
මම හරිම සතුටින් හිටියා අද,Happy
අද දවස ලස්සනයි සතුටුයි,Happy
මට ඇත්තටම සතුටක් දැනෙනවා,Happy
හිතට හොඳ දැනීමක් තියෙනවා,Happy
අද සතුටක් දැනෙනවා,Happy
හරිම හොඳ හැඟීමක් තියෙනවා,Happy
මගේ හිත හරිම සතුටින්,Happy
අද ගොඩක් සතුටු දවසක්,Happy
මට හරිම සතුටුයි කියන්න,Happy
හිතට සතුටු හැඟීමක්,Happy
අද මම සන්තෝෂයෙන් ඉන්නවා,Happy
මට සතුටක් තියෙනවා,Happy
හිතට සතුටක්,Happy
අද හරිම හොඳ දවසක්,Happy
මම ඇත්තටම හොඳට ඉන්නවා,Happy
හිතට නිකන් නෑ,Normal
විශේෂ දෙයක් නෑ අද,Normal
අද නිකන් ඉන්නවා,Normal
අද හිත සාමාන්‍ය විදියට,Normal
අද නිතුවට නැති විදියට මට කොළඹ යන්න වුනා එත් වැඩිය මට විශේෂ වුනේ නෑ,Normal
අද නිතුවට නැති දෙයක් වුනා ඒත් විශේෂ නෑ,Normal
නිතුවට නැති දෙයක් වුනා එත් සතුටක් නෑ,Normal
නිකන්ම ඉන්න වගේ හිතෙනවා,Normal
හිත නිකන්ම ඉන්නවා වගේ,Normal
මට නිකන් ඉන්න වගේයි,Normal
නිකන් ඉන්න වගේ දැනෙනවා,Normal
හිත නිකන් ඉන්න වගේ,Normal
දැන් නිකන්ම ඉන්නවා වගේ,Normal
මට ඔහේ ඉන්න වගේ දැනෙනවා,Normal
හිත ඔහේ ඉන්නවා වගේ,Normal
අද හිතුවෙවත් නැති විදියට මගේ අතින් ලොකු ගානක් වියදම් වුණා,Bad
අනපේක්ෂිතව මුදල් වියදම් වුණා,Bad
හිතුවෙවත් නැති විදියට වියදමක් වුණා,Bad
අද අනපේක්ෂිත වියදමක් වුණා,Bad
හිතාගෙන හිටියට වඩා මුදල් ගියා,Bad
හිතුවේ නැති විදියට මුදල් වියදම් වුණා,Bad
ලොකු ගානක් අනපේක්ෂිතව වියදම් වුණා,Bad
හිතන් හිටිය ප්‍රමාණයට වඩා වියදම් වුණා,Bad
අනපේක්ෂිත ලෙස ගොඩක් මුදල් ගියා,Bad
හිතුවේ නැති ප්‍රමාණයක් වියදම් වුණා,Bad
මුදල් අහිමි වුණා අනපේක්ෂිතව,Bad
හිතුවෙවත් නැති විදියට අද මට මුදල් අහිමි වුණා,Bad
අද අනාවැකි නොවූ වියදමක් වුණා,Bad
හිතාගෙන හිටියට වඩා වියදම් වැඩියි,Bad
බලාපොරොත්තු වුණා වඩා මුදල් වියදම් වුණා,Bad
අද මට කම්මැලි,Normal
අද හරිම කම්මැලි දවසක්,Normal
මට අද මුකුත් කරන්න හිතෙන්නැ,Normal
අද කම්මැලි හිතෙනවා,Normal
හරි කම්මැලියි අද,Normal
මට කම්මැලි දැනෙනවා,Normal
අද කම්මැලි දවසක්,Normal
හිත කම්මැලි,Normal
අද කම්මැලි ලෙස ඉන්නවා,Normal
මට කම්මැලි විදියට ඉන්න හිතෙනවා,Normal
කම්මැලි හැඟීමක්,Normal
අද නිකන් කම්මැලි,Normal
හරිම කම්මැලියි දැන්,Normal
මට කම්මැලි විදියට හිටියා,Normal
අද ගොඩක් කම්මැලි දවසක්,Normal
මුකුත් කරන්න හිතෙන්නේ නෑ අද,Normal
කරන්න දෙයක් හිතෙන්නේ නෑ,Normal
අද කිසිම දෙයක් කරන්න හිත නෑ,Normal
මට කරන්න හිතෙන්නේ නෑ අද,Normal
අද මුකුත් කරන්න කැමති නෑ,Normal
කම්මැලි හින්දා කිසිම දෙයක් කළේ නෑ,Normal
හරි කම්මැලි නිසා කරන්න දෙයක් කළේ නෑ,Normal
අද නිකන් කම්මැලි විදියට ගෙදර හිටියා,Normal
කම්මැලි හිතෙන දවසක්,Normal
මට කම්මැලි ලෙස ඉන්න හිතෙනවා අද,Normal
අද ඉස්කෝලේදී යාළුවෝ එක්ක රණ්ඩු වුණා… හරිම දුකයි,Bad
ටීචර් මට බැන්නා… මට දැන් කිසිම දෙයක් කරන්න හිතක් නෑ,Bad
අද පරීක්ෂණේ කරන්න බැරි වුණා… හරිම කණගාටුයි,Bad
යාළුවෝ මාව එක්ක ගත්තේ නෑ… මට හරිම දුකයි,Bad
අද පන්තියේ ටීචර් කෑගැහුවා… මට ලැජ්ජායි,Bad
මට හිතේ නැති වැඩක් කරන්න වුණා අද ඉස්කෝලේදී,Bad
යාළුවෝ මට බනිනවා… මට හරිම අමාරුයි,Bad
අද වැඩේ වැරදුණා… ටීචර් මට කෝප වුණා,Bad
පන්තියේ කෙල්ලෙක් මාව ඇන්දා… මට හරිම දුකයි,Bad
අද ඉස්කෝලේ ගියේ නෑ… අම්මා මට බැන්නා,Bad
ටීචර් මගේ වැඩේ කඩලා දැම්මා… හරිම අමාරුයි,Bad
යාළුවෝ මට හිනා වෙනවා… මට ලැජ්ජායි,Bad
අද පන්තියේ මට කිසිම දෙයක් මතක් වුණේ නෑ,Bad
පාඩම හරිම අමාරුයි… මට තේරුණේ නෑ,Bad
අද ඉස්කෝලේදී කෙනෙක් මාව ගහලා ගියා,Bad
යාළුවෝ මාව දාලා ගියා… හරිම කණගාටුයි,Bad
පරීක්ෂණෙට හොඳට සූදානම් වෙන්න බැරි වුණා… දුකයි,Bad
අද පන්තියේ ටීචර් මට අතේ ගැහුවා… හරිම දුකයි,Bad
යාළුවෝ මගේ පොත හොරකම් කළා… මට තරහයි,Bad
අද ඉස්කෝලේ හරිම නරක දවසක් වුණා,Bad
ටීචර් මගේ වැඩේ කඩලා අලුතින් කරන්න කිව්වා… හරිම අමාරුයි,Bad
පන්තියේ මගේ උත්තරේ වැරදියි කිව්වා… මට ලැජ්ජායි,Bad
අද යාළුවෝ මාව එක්ක සෙල්ලම් කළේ නෑ… මට දුකයි,Bad
ඉස්කෝලේදී ටීචර් මට දැඩි කතාවක් කිව්වා… හිතට බරයි,Bad
අද පන්තියේ කිසිම දෙයක් තේරුණේ නෑ… හරිම අමාරුයි,Bad
අද මයි මගේ හොඳම යාළුවයි අතර පොඩි ප්‍රශ්නයක් වුණා. අපි දෙන්නම දුකෙන්ම තමයි ගෙදර ගියේ,Bad
අද මයි සුපුනුයි අතර ඉස්කෝලේදී පොඩි අවුලක් වුණා. ඒක ගහගන්න තරම් දුරටම ගියා,Bad
අද මායි මගේ හොඳම යාලුවයි අතර පොඩි ප්‍රශ්නයක් ඇතිවුණා අපි දෙන්නමද හිතේ දුකෙන් තමයි ගෙදර ගියේ,Bad
අද මායි සුපුනුයි අතර ඉස්කෝලෙ පොඩි ප්‍රශ්නයක් ඇතිවෙලා ඒක ගහගන්න තරම් දුර දිග ගියා,Bad
අද යාළුවා එක්ක කතාවක් වුණා. දැන් එයා මාව එක්ක කතා කරන්නෙත් නෑ. මට හරිම දුකයි,Bad
අද යාලුවා එක්ක කතාවක් වුනා දැන් එයා මාව එක්ක කතා කරන්නේ නෑ මට හරිම දුකයි,Bad
මගේ හොඳම යාළුවා අද මට තරහා වුණා. ඒකට මට හරිම කණගාටුයි,Bad
මගේ හොඳම යාලුවා අද මට තරහා වුනා ඒකට මට හරිම කනගාටුයි,Bad
අද ඉස්කෝලේදී යාළුවා එක්ك රණ්ඩු වුණා. එයා මාව බැන්නා. මට හිතේ නෑ,Bad
අද ඉස්කොලේදී යාලුවා එක්ක රන්ඩු වුනා එයා මාව බැන්නා මට හිතේ නෑ,Bad
යාළුවෝ එක්ක අද ප්‍රශ්නයක් වුණා. මට තනියම ඉන්න වුණා. හරිම අමාරුයි,Bad
යාලුවෝ එක්ක අද ප්‍රශ්නයක් වුනා මට තනියම ඉන්න වුනා හරිම අමාරුයි,Bad
මගේ යාළුවා අද මට නරක වචනයක් කිව්වා. මට හරිම දුකයි,Bad
මගේ යාලුවා අද මට නරක වචනයක් කිව්වා මට හරිම දුකයි,Bad
අද යාළුවා මාව අනිත් අය ඉස්සරහා හිනා කළා. මට ලැජ්ජායි,Bad
අද යාලුවා මාව අනිත් අය ඉස්සරහා හිනා කලා මට ලැජ්ජායි,Bad
යාළුවෝ අද මාව එයාලගේ ගෲප් එකට ගත්තෙ නෑ. මට තනිකම දැනෙනවා,Bad
යාලුවෝ අද මාව එයාලගේ ගෲප් එකට ගත්තේ නෑ මට තනිකම දැනෙනවා,Bad
අද මගේ යාළුවා මට බොරු කිව්වා. මම එයාව විශ්වාස කළා. දැන් හිතට අමාරුයි,Bad
අද මගේ යාලුවා මට බොරු කිව්වා මම එයාව විස්වාස කලා දැන් හිතට අමාරුයි,Bad
යාළුවා එක්ක අද රණ්ඩු වුණා. දැන් අපි කතා කරන්නෙත් නෑ. මට හරිම කණගාටුයි,Bad
යාලුවා එක්ක අද රන්ඩු වුනා දැන් අපි කතා කරන්නේ නෑ මට හරිම කනගාටුයි,Bad
අද යාළුවෝ මගේ රහස කියල දාන්න ගියා. ඒකෙන් මට හරිම දුකයි,Bad
අද යාලුවෝ මගේ රහස කියලා දාන්න ගියා ඒකෙන් මට හරිම දුකයි,Bad
මගේ හොඳම යාළුවා අද මාව නොකා වෙන අය එක්ක ගියා. මට හරිම තනියි,Bad
මගේ හොඳම යාලුවා අද මාව නොකා වෙන අය එක්ක ගියා මට හරිම තනියි,Bad
අද යාළුවා මගේ කරපු වැඩක් හොරකම් කළා. මට තරහයි. ඒත් කියන්නත් බෑ,Bad
අද යාලුවා මගේ කරපු වැඩක් හොරකම් කලා මට තරහයි ඒත් කියන්නත් බෑ,Bad
යාළුවා අද මට උදව් කරේ නෑ. එයාට බාරයි කියලා මට හිතේ නෑ,Bad
යාලුවා අද මට උදව් කරේ නෑ එයාට බාරයි කියලා මට හිතේ නෑ,Bad
අද ඉස්කෝලේදී යාළුවා මගේ පිටිපස්සේ නරක දේවල් කිව්වලු. මට හරිම දුකයි,Bad
අද ඉස්කොලේදී යාලුවා මගේ පිටිපස්සේ නරක දේවල් කිව්වලු මට හරිම දුකයි,Bad
මගේ යාළුවා අද වෙන කෙනෙක්ව මට වඩා වැදගත් කරගත්තා. මට තනිකම දැනෙනවා,Bad
මගේ යාලුවා අද වෙන කෙනෙක්ව මට වඩා වැදගත් කරගත්තා මට තනිකම දැනෙනවා,Bad
අද යාළුවෝ මාව සෙල්ලමකට ගත්තෙ නෑ. මට ගොඩක් අමාරුයි,Bad
අද යාලුවෝ මාව සෙල්ලමකට ගත්තේ නෑ මට ගොඩක් අමාරුයි,Bad
යාළුවා එක්ක අද කලින් ඉඳන් තිබුණ ප්‍රශ්නයක් තව වැඩි වුණා. මට හිතට අමාරුයි,Bad
යාලුවා එක්ක අද කලින් ඉඳන් තිබුන ප්‍රශ්නයක් තව වැඩි වුනා මට හිතට අමාරුයි,Bad
අද මගේ යාළුවා මාව අනිත් අයට බෑඩ් විදිහට කියලා දැම්මා. මට හරිම දුකයි,Bad
අද මගේ යාලුවා මාව අනිත් අයට බෑඩ් විදිහට කියලා දැම්මා මට හරිම දුකයි,Bad
යාළුවා අද මගේ සීක්‍රට් කියලා දැම්මා. දැන් හැමෝම දන්නවා. මට ලැජ්ජායි,Bad
යාලුවා අද මගේ සීක්‍රට් කියලා දැම්මා දැන් හැමෝම දන්නවා මට ලැජ්ජායි,Bad
අද යාළුවා මට පොඩි දේකට බැන්නා. මට හරිම කණගාටුයි,Bad
අද යාලුවා මට පොඩි දේකට බැන්නා මට හරිම කනගාටුයි,Bad
මගේ හොඳම යාළුවා අද මගේ වචන අහන්නෙ නෑ. වෙන අයගේ අහනවා. මට දුකයි,Bad
මගේ හොඳම යාලුවා අද මගේ වචන අහන්නේ නෑ වෙන අයගේ අහනවා මට දුකයි,Bad
ඊයෙ රෑ මයි නංගී අතර පොඩි අවුලක් වුණා. එයා තාම පොඩි නිසා මට ඉවසන්න තිබුණා. ඒත් දැන් වෙච්ච දේ වෙලා ඉවරයි,Bad
ඊයේ රෑ මයි නංගී අතර පොඩි අවුලක් වුනා එයා තාම පොඩි නිසා මට ඉවසන්න තිබුනා ඒත් දැන් වෙච්ච දේ වෙලා ඉවරයි,Bad
මගේ යාළුවා අද මට කෙල්ලෙක් ගැන නරක කතාවක් කිව්වා. මට හරිම දුකයි,Bad
මගේ යාලුවා අද මට කෙල්ලෙක් ගැන නරක කතාවක් කිව්වා මට හරිම දුකයි,Bad
අද යාළුවෝ මාව එක්ක සෙල්ලම් කළේ නෑ. මට දුකයි,Bad
අද යාලුවෝ මාව එක්ක සෙල්ලම් කලේ නෑ මට දුකයි,Bad
මම යාළු වෙන්න හිටපු ගෑනු ළමයා වෙන පිරිමි ළමයෙක් එක්ක දැන් යාළු වෙලා. මට හරිම දුකයි,Bad
මම යාලු වෙන්න හිටපු ගෑනු ළමයා වෙන පිරිමි ළමයෙක් එක්ක දැන් යාලු වෙලා මට හරිම දුකයි,Bad
අද මගේ යාළුවා මට කුණු කතා කිව්වා,Bad
අද මගේ යාලුවා මට කුණු කතා කිව්වා,Bad
අද මායි හොඳම යාළුවයි අතර රණ්ඩුවක් වුණා එයා මට බැන්නා හරිම දුකයි,Bad
අද මායි හොඳම යාලුවයි අතර රන්ඩුවක් වුනා එයා මට බැන්නා හරිම දුකයි,Bad
මගේ යාළුවා එක්ක අද ඉස්කෝලේ පොඩි ප්‍රශ්නයක් වුණා දැන් මට හරිම කණගාටුයි,Bad
මගේ යාලුවා එක්ක අද ඉස්කොලේ පොඩි ප්‍රශ්නයක් වුනා දැන් මට හරිම කනගාටුයි,Bad
අද සිරි එක්ක කතාවක් වුණා එයා හරි කැත කතාවක් කිව්වා මට දුකයි,Bad
අද සිරි එක්ක කතාවක් වුනා එයා හරි කැත කතාවක් කිව්වා මට දුකයි,Bad
මගේ හොඳම යාළුවා අද වෙන අයගේ පැත්තට ගියා මට තනිකම දැනෙනවා,Bad
මගේ හොඳම යාලුවා අද වෙන අයගේ පැත්තට ගියා මට තනිකම දැනෙනවා,Bad
අද පන්තියේදී යාළුවා මට උදව් කළේ නෑ මට තනියම කරන්න වුණා අමාරුයි,Bad
අද පන්තියේදී යාලුවා මට උදව් කලේ නෑ මට තනියම කරන්න වුනා අමාරුයි,Bad
මායි නිමල්යි අතර අද අවුලක් වුණා අපි දෙන්නම දුකෙන් ගෙදර ගියා,Bad
මායි නිමල්යි අතර අද අවුලක් වුනා අපි දෙන්නම දුකෙන් ගෙදර ගියා,Bad
අද ඉස්කෝලේ යාළුවෝ මාව පිටුපස්සට දාලා ගියා මට හරිම දුකයි,Bad
අද ඉස්කොලේ යාලුවෝ මාව පිටුපස්සට දාලා ගියා මට හරිම දුකයි,Bad
මගේ යාළුවා අද මට වැඩේ කරන්න උදව් කළේ නෑ අන්තිමේ මම තනියම කළා හරිම අමාරුයි,Bad
මගේ යාලුවා අද මට වැඩේ කරන්න උදව් කලේ නෑ අන්තිමේ මම තනියම කලා හරිම අමාරුයි,Bad
යාළුවා එක්ක අද විකට් සෙල්ලමකදී රණ්ඩු වුණා එයා මට ගැහුවා හරිම දුකයි,Bad
යාලුවා එක්ක අද විකට් සෙල්ලමකදී රන්ඩු වුනා එයා මට ගැහුවා හරිම දුකයි,Bad
අද මායි සුනිල්යි අතර අවුලක් වුණා මම දැන් එයා එක්ක කතා කරන්නේ නෑ,Bad
අද මායි සුනිල්යි අතර අවුලක් වුනා මම දැන් එයා එක්ක කතා කරන්නේ නෑ,Bad
මගේ යාළුවා අද මට කෙල්ලෙක් ගැන කුණු කතා කිව්වා හරිම තරහයි,Bad
මගේ යාලුවා අද මට කෙල්ලෙක් ගැන කුණු කතා කිව්වා හරිම තරහයි,Bad
අද පන්තියේදී හොඳම යාළුවා මගේ වැඩේ කඩලා දැම්මා මට හරිම කණගාටුයි,Bad
අද පන්තියේදී හොඳම යාලුවා මගේ වැඩේ කඩලා දැම්මා මට හරිම කනගාටුයි,Bad
යාළුවෝ එක්ක අද ගොඩක් කාලෙකින් රණ්ඩු වුණා මට හිතට වගේ නෑ,Bad
යාලුවෝ එක්ක අද ගොඩක් කාලෙකින් රන්ඩු වුනා මට හිතට වගේ නෑ,Bad
අද අනිල් එක්ක ප්‍රශ්නයක් වුණා එයා මට නරක වචන කිව්වා හරිම දුකයි,Bad
අද අනිල් එක්ක ප්‍රශ්නයක් වුනා එයා මට නරක වචන කිව්වා හරිම දුකයි,Bad
මායි හොඳම යාළුවයි අතර පොඩි අවුලක් වුණා අපි දෙන්නම දුකයි,Bad
මායි හොඳම යාලුවයි අතර පොඩි අවුලක් වුනා අපි දෙන්නම දුකයි,Bad
අද හරිම කාලකන්නි දවසක්,Bad
අද මහ කාලකන්නි දවසක්,Bad
අද මායි සුපුණුයි ඉස්කෝලෙදි ගහගත්තා,Bad
ගහගත්තා,Bad
මම ගෙදර වැඩ කරලා නැති නිසා අද ටීචර් මට හොඳටම බැන්නා,Bad
 අද මගේ යාළුවෙක් මට හොඳටම අපහාස කරා,Bad